gene_id,gene_symbol,logFC,logCPM,PValue,FDR,is_simulated_true_de
ENSGDEMO000001,GENE0001,1.1432460061695071,9.408110609743908,0.03624304233519188,0.4064640261890678,True
ENSGDEMO000002,GENE0002,1.0776654287446021,11.669775406962861,0.029080236294196635,0.3496569338236012,True
ENSGDEMO000003,GENE0003,2.148739279366721,10.870164215327382,2.3204482005627967e-05,0.0023204482005627965,True
ENSGDEMO000004,GENE0004,1.9750285595410304,8.805515028133222,0.0005089430422072614,0.02642216239865856,True
ENSGDEMO000005,GENE0005,1.3394011592416293,10.457961368064932,0.009530143240953326,0.17594110598683066,True
ENSGDEMO000006,GENE0006,1.2517116412019842,8.814920303955892,0.027490886187580704,0.34725329921154574,True
ENSGDEMO000007,GENE0007,1.1250596093809433,10.480047643605936,0.02927891262495822,0.3496569338236012,True
ENSGDEMO000008,GENE0008,0.6746622052653652,9.788885880736219,0.20648814212320896,0.8287149516650527,True
ENSGDEMO000009,GENE0009,0.9596939214346865,8.996292964586573,0.08692964772839405,0.6029802154570686,True
ENSGDEMO000010,GENE0010,1.928963801183735,11.619981192077836,9.605264138141913e-05,0.006403509425427942,True
ENSGDEMO000011,GENE0011,0.925189341413633,9.76170682258066,0.08366462371688835,0.5905738144721531,True
ENSGDEMO000012,GENE0012,0.5991544508767515,10.935108289992666,0.23683582185756996,0.8592195536316126,True
ENSGDEMO000013,GENE0013,0.8140610628869833,11.60755572066888,0.09989011862947832,0.6550171713408414,True
ENSGDEMO000014,GENE0014,2.144015482375413,9.93611525415627,5.203934388309438e-05,0.003978178784989855,True
ENSGDEMO000015,GENE0015,1.816221350776682,8.754574189000346,0.0014489985938715287,0.047792775738498584,True
ENSGDEMO000016,GENE0016,0.6301417089003465,9.98848561901592,0.23307998979201738,0.8553394120807977,True
ENSGDEMO000017,GENE0017,1.4919738626714363,10.405617417088667,0.003965053321476417,0.09904926383231075,True
ENSGDEMO000018,GENE0018,0.5339263888148329,10.18640201876628,0.30752537937476776,0.9129927233338216,True
ENSGDEMO000019,GENE0019,1.0019547504501638,8.7133731340535,0.07984357018970029,0.5855697386153361,True
ENSGDEMO000020,GENE0020,2.661625303380352,11.326403325282644,9.802339592460393e-08,1.68040107299321e-05,True
ENSGDEMO000021,GENE0021,1.5992782007911615,12.125193691039645,0.0010335992992040997,0.03875997372015374,True
ENSGDEMO000022,GENE0022,0.9938490024810838,9.444396486045768,0.06807171682948732,0.5515205459100347,True
ENSGDEMO000023,GENE0023,2.1785731299881768,10.355778187957178,2.7031459799367193e-05,0.0024952116737877407,True
ENSGDEMO000024,GENE0024,1.376815809480287,9.669656972577513,0.0104361111816288,0.18974747602961456,True
ENSGDEMO000025,GENE0025,1.187997577044852,9.649052703350758,0.027297773484409423,0.34725329921154574,True
ENSGDEMO000026,GENE0026,1.4768023465706541,10.120207807096616,0.00490368179793783,0.11316188764471916,True
ENSGDEMO000027,GENE0027,2.8057328452015318,12.261994856769077,7.603828540323129e-09,3.0415314161292514e-06,True
ENSGDEMO000028,GENE0028,1.411653265321176,8.024140446579024,0.019621342242688116,0.2803048891812588,True
ENSGDEMO000029,GENE0029,1.7340466466356341,11.269580249174009,0.0005284432479731712,0.02642216239865856,True
ENSGDEMO000030,GENE0030,1.4870798327959616,9.87674582781851,0.005146619935823332,0.11652724382996223,True
ENSGDEMO000031,GENE0031,1.772040886731384,8.003480614316704,0.003457174018524435,0.0921913071606516,True
ENSGDEMO000032,GENE0032,1.686746794411894,10.396059265668605,0.0011314912765445352,0.0399349862309836,True
ENSGDEMO000033,GENE0033,1.1517830339635955,10.111488780580435,0.028293854048339468,0.3496569338236012,True
ENSGDEMO000034,GENE0034,1.7562505166710878,10.283390746699302,0.0007459494498209604,0.031969262135184015,True
ENSGDEMO000035,GENE0035,1.5942307807939304,9.512615601558796,0.003296278505127645,0.08989850468529942,True
ENSGDEMO000036,GENE0036,1.8617223083503003,9.39382955609034,0.0006560420101288171,0.030971839967774938,True
ENSGDEMO000037,GENE0037,1.625933383127407,8.888091296143386,0.003995735662955259,0.09904926383231075,True
ENSGDEMO000038,GENE0038,0.7883526773343377,10.580565979225717,0.12500502266715594,0.7177321875626178,True
ENSGDEMO000039,GENE0039,1.9547517706373743,8.36158625434979,0.0008833116648947272,0.035008988981344864,True
ENSGDEMO000040,GENE0040,0.7817054039181404,9.085031454592635,0.1606993630343409,0.8047103749024307,True
ENSGDEMO000041,GENE0041,2.3717879748683064,9.108318042568856,2.0203802372064826e-05,0.0022040511678616172,True
ENSGDEMO000042,GENE0042,0.8131843836181973,7.591473256380555,0.19679471364918097,0.8275967161472332,True
ENSGDEMO000043,GENE0043,0.845685819306313,11.280539096508301,0.09084621250069705,0.6195829866720914,True
ENSGDEMO000044,GENE0044,1.1948625510784687,11.472010956264592,0.016190007636001327,0.2556975263216869,True
ENSGDEMO000045,GENE0045,1.8276165892015106,7.859590776283195,0.002916797687523018,0.08333707678637195,True
ENSGDEMO000046,GENE0046,1.0553898028016544,11.461939342280115,0.03373535859017133,0.3930333039631611,True
ENSGDEMO000047,GENE0047,1.3465294988019512,12.307191731156053,0.005508686052962292,0.12082494802965671,True
ENSGDEMO000048,GENE0048,0.5534725231954902,5.8853439498805145,0.4752249906537037,0.9965461298194156,True
ENSGDEMO000049,GENE0049,0.7344741407443482,11.254900082432139,0.14230256779399442,0.7555888555433332,True
ENSGDEMO000050,GENE0050,0.047240023312808965,7.88184324397038,0.9385510180849944,0.9965461298194156,True
ENSGDEMO000051,GENE0051,1.4938407945628622,11.517077384947362,0.002606568803224479,0.07628981863096038,True
ENSGDEMO000052,GENE0052,1.6604762032815064,11.828578606040141,0.0007282827197401823,0.031969262135184015,True
ENSGDEMO000053,GENE0053,0.6865936150256857,6.315977763123349,0.34699752716359017,0.9420747343807877,True
ENSGDEMO000054,GENE0054,0.6049334661476804,9.227282373642597,0.27322634190069184,0.8977014291493536,True
ENSGDEMO000055,GENE0055,1.521826381553887,8.885253099830551,0.00706739939183782,0.14622205638285146,True
ENSGDEMO000056,GENE0056,1.1400541079242448,11.918282655276458,0.020031100944579962,0.2827920133352465,True
ENSGDEMO000057,GENE0057,0.5946263106848706,5.358907922304411,0.47914584659350784,0.9965461298194156,True
ENSGDEMO000058,GENE0058,0.7364925561795914,10.506294586673212,0.15313309576763803,0.7753574469247496,True
ENSGDEMO000059,GENE0059,1.0795418316782,9.535890455382338,0.04629834890936678,0.47485486060889004,True
ENSGDEMO000060,GENE0060,1.265157067240363,10.989871074652477,0.012311229910935804,0.21104965561604236,True
ENSGDEMO000061,GENE0061,-0.9283156873760414,6.892380205256482,0.17180106171770937,0.8204919994584984,True
ENSGDEMO000062,GENE0062,-0.6512058747127325,10.757913610044358,0.2017152531808098,0.8275967161472332,True
ENSGDEMO000063,GENE0063,-2.185921923947113,7.394956200113083,0.0006710565326351237,0.030971839967774938,True
ENSGDEMO000064,GENE0064,-0.4178846994565477,7.915258732686085,0.49395001574168085,0.9965461298194156,True
ENSGDEMO000065,GENE0065,-1.1961823125420739,6.967601889030155,0.07570680131031274,0.5782809131536801,True
ENSGDEMO000066,GENE0066,-1.8665535639090107,10.230039406949476,0.00035046052101653696,0.019116028419083834,True
ENSGDEMO000067,GENE0067,-2.3069611851176477,4.4669743774352915,0.018764317023782496,0.27416701378514235,True
ENSGDEMO000068,GENE0068,-2.0931909966955535,9.500337287847007,0.00011544492005799239,0.0072912581089258355,True
ENSGDEMO000069,GENE0069,-1.4111786915630367,9.838176124745972,0.008062402028986325,0.15356956245688239,True
ENSGDEMO000070,GENE0070,-1.2309665783083954,10.131204677311255,0.018963218453472347,0.27416701378514235,True
ENSGDEMO000071,GENE0071,-0.8906530908425152,7.385083649166845,0.16624510847797325,0.8114916307999507,True
ENSGDEMO000072,GENE0072,-1.7800511471628164,9.71046844007174,0.0009043988820180755,0.035008988981344864,True
ENSGDEMO000073,GENE0073,-1.4384304497922722,9.60761414164835,0.0076713726815123935,0.1520832694410071,True
ENSGDEMO000074,GENE0074,-0.8678554564809087,8.449343220775235,0.1370745264428259,0.7469357544673182,True
ENSGDEMO000075,GENE0075,-1.6354002978352655,10.212656734035944,0.001750989720711068,0.055294412232981094,True
ENSGDEMO000076,GENE0076,-1.3894545129090359,10.05486014749976,0.008333019321035534,0.15624411226941626,True
ENSGDEMO000077,GENE0077,-1.861654618004195,8.784225955755078,0.001070050937454732,0.038910943180172075,True
ENSGDEMO000078,GENE0078,-1.4193428706274718,7.583198627389005,0.02438406153916345,0.3251208205221793,True
ENSGDEMO000079,GENE0079,-1.1284279972769768,9.702760431135834,0.03547334178248116,0.40333688092808223,True
ENSGDEMO000080,GENE0080,-1.109592655398568,5.400726531273263,0.18370502868678854,0.8275967161472332,True
ENSGDEMO000081,GENE0081,-0.5495636071870251,9.364022983811505,0.3153926102786993,0.9180416469689793,True
ENSGDEMO000082,GENE0082,-1.2480644690232756,9.915710289062726,0.018628579117054393,0.27416701378514235,True
ENSGDEMO000083,GENE0083,-0.748700520105877,8.31743064291108,0.20442550921007885,0.8284273804101755,True
ENSGDEMO000084,GENE0084,-1.2302115195849153,6.237697097012655,0.09542858955166147,0.6433388059662571,True
ENSGDEMO000085,GENE0085,-0.4103859556285592,8.739443753367524,0.47226010612568553,0.9965461298194156,True
ENSGDEMO000086,GENE0086,-1.9195044821940277,10.427066406922927,0.00020720118683649374,0.011840067819228214,True
ENSGDEMO000087,GENE0087,-0.9598019660994472,9.790431951867834,0.07228056790262462,0.5699099103293801,True
ENSGDEMO000088,GENE0088,-0.9082072891437774,10.155035914581664,0.0830789152606123,0.5899094574718033,True
ENSGDEMO000089,GENE0089,-1.2244992159343813,9.055650723091786,0.02830956847252179,0.3496569338236012,True
ENSGDEMO000090,GENE0090,-0.8611587865909147,7.108770184927248,0.1938472409398425,0.8275967161472332,True
ENSGDEMO000091,GENE0091,-1.1716390086611659,8.329083726564088,0.046831261002461384,0.4762501118894378,True
ENSGDEMO000092,GENE0092,-0.21300536819231297,9.255114093115433,0.6991381772721369,0.9965461298194156,True
ENSGDEMO000093,GENE0093,-1.1048949268775807,9.777708603124568,0.0386763586435437,0.42921755944405043,True
ENSGDEMO000094,GENE0094,-0.5792916454048571,6.1956456878137285,0.4349773924081513,0.9887009250296843,True
ENSGDEMO000095,GENE0095,-1.0763934648253537,8.574673843508924,0.0625798228162878,0.5515205459100347,True
ENSGDEMO000096,GENE0096,-1.703039471063525,6.149498837973177,0.022566759456422142,0.31126564767478815,True
ENSGDEMO000097,GENE0097,-1.8531946404711483,9.225347729824092,0.0007904644668731752,0.0327088744913038,True
ENSGDEMO000098,GENE0098,-0.4966116954515458,5.459238453539138,0.5481331062153586,0.9965461298194156,True
ENSGDEMO000099,GENE0099,-2.1071118298527836,5.845375218933222,0.006882987465509367,0.14490499927388142,True
ENSGDEMO000100,GENE0100,-2.254715211806964,9.209387742179837,4.521540580004981e-05,0.003875606211432841,True
ENSGDEMO000101,GENE0101,-0.8070217045301966,8.607597980858502,0.1616126669595715,0.8047103749024307,True
ENSGDEMO000102,GENE0102,0.1316373587019708,9.127904317472998,0.8127437699655271,0.9965461298194156,True
ENSGDEMO000103,GENE0103,-0.9648043280817467,9.957663845522841,0.0683241830324754,0.5515205459100347,True
ENSGDEMO000104,GENE0104,-0.5320801598008389,7.816093907948362,0.3881267063313373,0.9617623320708875,True
ENSGDEMO000105,GENE0105,-1.0707050442580472,9.116538649098027,0.05418672391856688,0.5208032524690384,True
ENSGDEMO000106,GENE0106,-0.8541229410059143,8.52112477460367,0.14114766356442135,0.7555888555433332,True
ENSGDEMO000107,GENE0107,-0.3849457053565324,8.706704316402545,0.5011882529457511,0.9965461298194156,True
ENSGDEMO000108,GENE0108,-1.013295169954838,8.724959579820615,0.0762394537227438,0.5782809131536801,True
ENSGDEMO000109,GENE0109,-0.49648632732265785,9.312624322514585,0.3659341222052612,0.9561447381781878,True
ENSGDEMO000110,GENE0110,-1.0806658338413477,7.620692387943487,0.08538640220850163,0.5957190851755928,True
ENSGDEMO000111,GENE0111,1.674231065959549,5.231211201099141,0.0509948453304645,0.5015886425947328,False
ENSGDEMO000112,GENE0112,1.7280083080113795,7.268024545365763,0.00798069103389163,0.15356956245688239,False
ENSGDEMO000113,GENE0113,3.020674604761563,9.499011755454909,2.643176874702357e-08,6.3436244992856565e-06,False
ENSGDEMO000114,GENE0114,2.83274764849567,12.152733704983246,6.021830711907258e-09,3.0415314161292514e-06,False
ENSGDEMO000115,GENE0115,1.9543144303751578,10.396030577935402,0.00016191807447463118,0.00971508446847787,False
ENSGDEMO000116,GENE0116,2.289713841533856,8.846844504849264,5.304238379986474e-05,0.003978178784989855,False
ENSGDEMO000117,GENE0117,2.8216819206510984,11.694199268157066,1.0746374634794096e-08,3.223912390438229e-06,False
ENSGDEMO000118,GENE0118,2.3050638116912303,12.51822459510583,1.7886827211466864e-06,0.00021464192653760237,False
ENSGDEMO000119,GENE0119,2.7204839615946375,11.390048057537399,4.761522437056919e-08,9.523044874113838e-06,False
ENSGDEMO000120,GENE0120,2.4285187736409464,11.675124565322351,8.70588351680327e-07,0.00013058825275204906,False
ENSGDEMO000121,GENE0121,2.219925407933405,8.89890749978938,8.386636220316751e-05,0.005919978508458884,False
ENSGDEMO000122,GENE0122,2.2236632360179875,4.750215602142443,0.017025883350410508,0.25862101291762796,False
ENSGDEMO000123,GENE0123,1.006911474150133,9.369908091567517,0.06574701656965565,0.5515205459100347,False
ENSGDEMO000124,GENE0124,2.9741652072908735,11.959780853142197,1.2433601972746465e-09,1.4920322367295759e-06,False
ENSGDEMO000125,GENE0125,2.4093620052694247,11.16701415678818,1.6007636493662405e-06,0.00021343515324883205,False
ENSGDEMO000126,GENE0126,-0.2096082948196658,9.79889605580048,0.6945424032829748,0.9965461298194156,False
ENSGDEMO000127,GENE0127,0.1412312594522369,8.26054518090314,0.8116788476630759,0.9965461298194156,False
ENSGDEMO000128,GENE0128,1.0202214720076288,9.859633266218038,0.05515678863554865,0.5208032524690384,False
ENSGDEMO000129,GENE0129,-0.4031994163235675,8.176888780995775,0.4994073660229156,0.9965461298194156,False
ENSGDEMO000130,GENE0130,0.5566782928348015,7.817937563680093,0.3664872119258602,0.9561447381781878,False
ENSGDEMO000131,GENE0131,-0.5256675623936067,9.932257218908099,0.32126518128838727,0.9205914645688197,False
ENSGDEMO000132,GENE0132,-0.38823725594862335,8.83896693059782,0.4933875430538313,0.9965461298194156,False
ENSGDEMO000133,GENE0133,-0.29717281624491143,10.385863499751958,0.5664348291859483,0.9965461298194156,False
ENSGDEMO000134,GENE0134,-0.48343554440398684,5.841949424354733,0.5354463294864352,0.9965461298194156,False
ENSGDEMO000135,GENE0135,-0.8574584071245974,8.379599220883883,0.14407718367395211,0.7583009667050111,False
ENSGDEMO000136,GENE0136,0.4547561110676561,10.399840860823497,0.38000816109628255,0.9571437274513469,False
ENSGDEMO000137,GENE0137,-0.2250712542584976,7.907787025333349,0.7127464397489979,0.9965461298194156,False
ENSGDEMO000138,GENE0138,0.4379300113084943,8.653650151728076,0.4459532569561177,0.9965461298194156,False
ENSGDEMO000139,GENE0139,0.2799477898936962,9.032527824725323,0.6166667671516588,0.9965461298194156,False
ENSGDEMO000140,GENE0140,0.15612962050783885,9.660809369542163,0.7716069313451945,0.9965461298194156,False
ENSGDEMO000141,GENE0141,-0.0783801475461301,6.696977694167554,0.910263706615292,0.9965461298194156,False
ENSGDEMO000142,GENE0142,0.2363810137234892,6.147612755508262,0.7516408802232238,0.9965461298194156,False
ENSGDEMO000143,GENE0143,0.3338395552640874,7.358212508032043,0.6048474347649393,0.9965461298194156,False
ENSGDEMO000144,GENE0144,0.10824254669476119,7.144429065625618,0.8697637712509763,0.9965461298194156,False
ENSGDEMO000145,GENE0145,0.13267588416250042,10.71104578778618,0.7951657899730733,0.9965461298194156,False
ENSGDEMO000146,GENE0146,-0.9342700738650889,9.346370045187815,0.0882110317612463,0.6083519431810089,False
ENSGDEMO000147,GENE0147,0.1832359235360066,8.547944589022656,0.7517393115795101,0.9965461298194156,False
ENSGDEMO000148,GENE0148,-1.0013764540267474,7.982206254529881,0.09912187135387449,0.6535508001354361,False
ENSGDEMO000149,GENE0149,-0.8932825110626341,10.66057558025478,0.08112086635547607,0.5855697386153361,False
ENSGDEMO000150,GENE0150,0.052787955955995614,8.935289392670764,0.9252971358015711,0.9965461298194156,False
ENSGDEMO000151,GENE0151,-0.08276776365745664,1.430682496430904,0.9665325011193019,0.9965461298194156,False
ENSGDEMO000152,GENE0152,-1.4791196150627854,10.551377534172564,0.004044511606486023,0.09904926383231075,False
ENSGDEMO000153,GENE0153,0.6453886029049531,7.3054266075459,0.31984379403983376,0.9205839640443232,False
ENSGDEMO000154,GENE0154,-0.05519426548686024,9.685228954255912,0.9181552477805437,0.9965461298194156,False
ENSGDEMO000155,GENE0155,-1.5574281438740503,11.947240108502408,0.0014736105852703732,0.047792775738498584,False
ENSGDEMO000156,GENE0156,0.29294884436825797,6.610717919181057,0.6768400794513599,0.9965461298194156,False
ENSGDEMO000157,GENE0157,-0.21151915756986117,9.666257637327782,0.6940431634154871,0.9965461298194156,False
ENSGDEMO000158,GENE0158,0.2007877614750564,9.266399147655921,0.7154270291089737,0.9965461298194156,False
ENSGDEMO000159,GENE0159,-0.3420067883437721,9.285650490142695,0.5341064568582778,0.9965461298194156,False
ENSGDEMO000160,GENE0160,-0.23129742066067482,9.523832638494172,0.6696446340640955,0.9965461298194156,False
ENSGDEMO000161,GENE0161,0.5818135782826701,10.731951067705543,0.25452620182205876,0.8769869599443653,False
ENSGDEMO000162,GENE0162,0.35725341351855144,5.4083648353017555,0.6682454677978483,0.9965461298194156,False
ENSGDEMO000163,GENE0163,0.03044785260385119,10.748300005762394,0.9524191563005525,0.9965461298194156,False
ENSGDEMO000164,GENE0164,0.06945979753756948,10.330500381969758,0.8936703292458241,0.9965461298194156,False
ENSGDEMO000165,GENE0165,-0.15118624695680793,8.599505056507429,0.7932827427061437,0.9965461298194156,False
ENSGDEMO000166,GENE0166,0.9097396290073627,8.774919116429905,0.1101368518861771,0.6954619591609211,False
ENSGDEMO000167,GENE0167,0.7187297741155421,8.019043252083168,0.23501192260793408,0.8592195536316126,False
ENSGDEMO000168,GENE0168,0.378778863661716,7.04070093795466,0.5706192688030399,0.9965461298194156,False
ENSGDEMO000169,GENE0169,0.1620432889511214,7.983333415952038,0.7895542964164873,0.9965461298194156,False
ENSGDEMO000170,GENE0170,0.16789906589095338,11.593216241449174,0.7344545239908394,0.9965461298194156,False
ENSGDEMO000171,GENE0171,0.2894005992119615,8.53838816377957,0.6175928888066755,0.9965461298194156,False
ENSGDEMO000172,GENE0172,0.12413538529892865,9.06435459255205,0.82396708084044,0.9965461298194156,False
ENSGDEMO000173,GENE0173,-0.5688223581397258,9.682611612301269,0.2896693568708073,0.9042097871528115,False
ENSGDEMO000174,GENE0174,0.2930984745775955,10.82511254547191,0.5644950972190905,0.9965461298194156,False
ENSGDEMO000175,GENE0175,-0.22489380718408025,8.041735836813213,0.7096420066468209,0.9965461298194156,False
ENSGDEMO000176,GENE0176,-0.8769162759223856,1.7081244304235434,0.6323735335119309,0.9965461298194156,False
ENSGDEMO000177,GENE0177,-0.5789361027401361,9.93715172964315,0.27454702041484397,0.8977014291493536,False
ENSGDEMO000178,GENE0178,-0.12453855830730376,8.893644623776126,0.8254310456927003,0.9965461298194156,False
ENSGDEMO000179,GENE0179,0.5665738398619373,8.091745681622909,0.346113652743229,0.9418058578047048,False
ENSGDEMO000180,GENE0180,0.5917628558170476,8.396429586384874,0.31273319617270734,0.9136491841936033,False
ENSGDEMO000181,GENE0181,-0.6865908702002077,8.930119114316385,0.22280546725952305,0.8484312457126106,False
ENSGDEMO000182,GENE0182,-0.9905576650064871,8.159399284240388,0.09754774016033552,0.6503182677355701,False
ENSGDEMO000183,GENE0183,-0.5714246257752595,9.646187842034742,0.2884617351910014,0.9042097871528115,False
ENSGDEMO000184,GENE0184,0.26475849075893,10.071509895954023,0.6148659945826447,0.9965461298194156,False
ENSGDEMO000185,GENE0185,-0.7426028100770923,8.518097597778215,0.20086330939511754,0.8275967161472332,False
ENSGDEMO000186,GENE0186,-0.5316446134637207,10.714793286452876,0.29813705487823344,0.9105121461151708,False
ENSGDEMO000187,GENE0187,0.6036319822342939,8.775778251774335,0.2891017977899685,0.9042097871528115,False
ENSGDEMO000188,GENE0188,-1.5420140242947067,11.312746281176452,0.002023954824090286,0.06227553304893188,False
ENSGDEMO000189,GENE0189,0.6402860694038708,8.409647854871341,0.2741999139601508,0.8977014291493536,False
ENSGDEMO000190,GENE0190,0.09228739233851879,10.001041834839965,0.8612723919006764,0.9965461298194156,False
ENSGDEMO000191,GENE0191,-0.6036910516540148,9.616414973261023,0.26291127789025504,0.8812668532634247,False
ENSGDEMO000192,GENE0192,-0.33047491888270386,8.332577412101811,0.5748997951091923,0.9965461298194156,False
ENSGDEMO000193,GENE0193,-0.12810903805175222,11.195463407210593,0.7984231447282816,0.9965461298194156,False
ENSGDEMO000194,GENE0194,0.21861566369171026,9.71399677845834,0.6835210945617141,0.9965461298194156,False
ENSGDEMO000195,GENE0195,0.21727983529980932,11.436454366670933,0.6622896953061664,0.9965461298194156,False
ENSGDEMO000196,GENE0196,-0.7687148833239199,7.986056506590084,0.20536911580434675,0.8284273804101755,False
ENSGDEMO000197,GENE0197,1.1709546043742591,8.172437805595926,0.04990373991154099,0.49491312308966273,False
ENSGDEMO000198,GENE0198,-0.8370464894076335,8.947565210205179,0.13673718189473982,0.7469357544673182,False
ENSGDEMO000199,GENE0199,-0.0023697047393103077,10.498026718201682,0.996333919686322,0.9997290791018886,False
ENSGDEMO000200,GENE0200,-0.39300203680405765,9.940630517164669,0.45816948990599454,0.9965461298194156,False
ENSGDEMO000201,GENE0201,-0.2303459140389439,9.890251745045669,0.6645274775160135,0.9965461298194156,False
ENSGDEMO000202,GENE0202,0.5105463726862745,10.140956901294437,0.3302643067000713,0.9323114937651208,False
ENSGDEMO000203,GENE0203,-0.0029474118049765963,5.221536323798594,0.9972631856067186,0.9997290791018886,False
ENSGDEMO000204,GENE0204,0.46327696463095425,6.96995616574083,0.4913987585114319,0.9965461298194156,False
ENSGDEMO000205,GENE0205,-0.303527901305249,8.275431294242976,0.6081648485016908,0.9965461298194156,False
ENSGDEMO000206,GENE0206,-0.7458137307744579,9.838443366212438,0.16143462427605626,0.8047103749024307,False
ENSGDEMO000207,GENE0207,-0.7361044195666189,11.008140596213963,0.14501118086456402,0.7598839171942219,False
ENSGDEMO000208,GENE0208,0.5794313648102998,8.6738070708943,0.31250774569730294,0.9136491841936033,False
ENSGDEMO000209,GENE0209,0.22203710617989358,10.680216360633551,0.6643568757523342,0.9965461298194156,False
ENSGDEMO000210,GENE0210,0.20774488106012612,8.642782874862514,0.7179004390852487,0.9965461298194156,False
ENSGDEMO000211,GENE0211,-0.5341814872369657,9.228742530306343,0.33324090203405277,0.9323114937651208,False
ENSGDEMO000212,GENE0212,0.15368122489468572,9.693284160502863,0.7746905178900665,0.9965461298194156,False
ENSGDEMO000213,GENE0213,0.8853108416785656,9.29392853937252,0.10733540186639676,0.6887833274848989,False
ENSGDEMO000214,GENE0214,-0.7703737698853033,11.426271002088304,0.12162096791556154,0.7177321875626178,False
ENSGDEMO000215,GENE0215,0.18698997455847532,9.78277512430785,0.7263271837766083,0.9965461298194156,False
ENSGDEMO000216,GENE0216,0.026812887001683272,9.635177662126255,0.960299685368008,0.9965461298194156,False
ENSGDEMO000217,GENE0217,-0.4072907429716688,9.481601149469649,0.4536261281535423,0.9965461298194156,False
ENSGDEMO000218,GENE0218,-0.2945294306062385,7.590821651559197,0.6401668632724105,0.9965461298194156,False
ENSGDEMO000219,GENE0219,-0.15948426538750393,8.921453920184074,0.7771713469778405,0.9965461298194156,False
ENSGDEMO000220,GENE0220,-0.3724773514438571,10.722797711988154,0.4658885056244236,0.9965461298194156,False
ENSGDEMO000221,GENE0221,-0.0024023197917326655,8.79831281802225,0.9966282849082112,0.9997290791018886,False
ENSGDEMO000222,GENE0222,-0.3497570847734437,11.07305917570077,0.48758613260606265,0.9965461298194156,False
ENSGDEMO000223,GENE0223,1.2609119233093402,11.589136195584553,0.01086255742136671,0.194553267248359,False
ENSGDEMO000224,GENE0224,0.1074990948200627,8.717974821412406,0.8508834161823218,0.9965461298194156,False
ENSGDEMO000225,GENE0225,0.9525616791833018,10.566942601284074,0.06394634704901044,0.5515205459100347,False
ENSGDEMO000226,GENE0226,-0.5487579783326888,10.091725928314226,0.2965315518841048,0.9105121461151708,False
ENSGDEMO000227,GENE0227,-0.07172343813144977,8.286331137999206,0.9034858067346248,0.9965461298194156,False
ENSGDEMO000228,GENE0228,-0.12388979448121695,9.087481439922446,0.8240421245314149,0.9965461298194156,False
ENSGDEMO000229,GENE0229,0.15894658026569042,5.150231480911523,0.8549565020002676,0.9965461298194156,False
ENSGDEMO000230,GENE0230,-0.09825155004454977,8.15759855109994,0.8694827984359803,0.9965461298194156,False
ENSGDEMO000231,GENE0231,-0.3022341258247412,6.924466272594254,0.6552054716172534,0.9965461298194156,False
ENSGDEMO000232,GENE0232,0.889092796542803,10.895487966318997,0.079659431229009,0.5855697386153361,False
ENSGDEMO000233,GENE0233,-0.14053006786406996,9.378520853905734,0.7972122285282371,0.9965461298194156,False
ENSGDEMO000234,GENE0234,-0.13514426736830476,9.781638149307689,0.800304728558237,0.9965461298194156,False
ENSGDEMO000235,GENE0235,-0.03347379754566848,6.552666137490724,0.9622920132705878,0.9965461298194156,False
ENSGDEMO000236,GENE0236,-0.012542324897675705,9.021508618321324,0.9821205693889019,0.9979209849844897,False
ENSGDEMO000237,GENE0237,0.4626013474355668,10.18769244255687,0.3766051025786788,0.9571437274513469,False
ENSGDEMO000238,GENE0238,0.23883978143369156,10.827829611169362,0.6386650794593742,0.9965461298194156,False
ENSGDEMO000239,GENE0239,-0.9928151626900386,7.343608341149428,0.12442114285812327,0.7177321875626178,False
ENSGDEMO000240,GENE0240,0.0435762755677942,7.49337445343456,0.9453953989139929,0.9965461298194156,False
ENSGDEMO000241,GENE0241,-0.05135689257597331,10.299755729682275,0.9213889519321593,0.9965461298194156,False
ENSGDEMO000242,GENE0242,-0.23564330143566625,9.538953840188665,0.6635345750212259,0.9965461298194156,False
ENSGDEMO000243,GENE0243,0.07656628811704813,7.0440383862756,0.9086949921572105,0.9965461298194156,False
ENSGDEMO000244,GENE0244,0.5024454454095792,9.345574577756373,0.35922293199600386,0.94740113933012,False
ENSGDEMO000245,GENE0245,0.10224197172328431,10.577043082611647,0.8423188862449325,0.9965461298194156,False
ENSGDEMO000246,GENE0246,-0.05961058538126274,10.67946070144423,0.9072661495073922,0.9965461298194156,False
ENSGDEMO000247,GENE0247,0.38093625571781864,11.281730649376025,0.44623045757445284,0.9965461298194156,False
ENSGDEMO000248,GENE0248,0.012424444132898671,11.652906226797478,0.9799370276557586,0.9965461298194156,False
ENSGDEMO000249,GENE0249,0.2516342772474207,7.931748677405457,0.6799568864665714,0.9965461298194156,False
ENSGDEMO000250,GENE0250,0.7570420309674626,8.63306363222679,0.1883341466397635,0.8275967161472332,False
ENSGDEMO000251,GENE0251,0.5154951681598909,7.38298200973633,0.42308822061629636,0.985483470490532,False
ENSGDEMO000252,GENE0252,-0.6426889605569102,9.979225648621005,0.22412725407574796,0.8484312457126106,False
ENSGDEMO000253,GENE0253,0.0034212039313006315,9.495288876953591,0.9949734565992852,0.9997290791018886,False
ENSGDEMO000254,GENE0254,-0.17029339005404065,10.13606193572293,0.7454375170322631,0.9965461298194156,False
ENSGDEMO000255,GENE0255,-1.0181168169111876,9.666976696961369,0.058287900225949124,0.538042155931838,False
ENSGDEMO000256,GENE0256,0.6462962827144221,9.694354650011467,0.22864501698260234,0.8521981270856717,False
ENSGDEMO000257,GENE0257,0.11927225462097635,9.566641137878994,0.8254399748655696,0.9965461298194156,False
ENSGDEMO000258,GENE0258,0.37676385497304477,10.572323758297268,0.4636160803607321,0.9965461298194156,False
ENSGDEMO000259,GENE0259,-0.9297163717461903,11.14546075561747,0.06430156828582259,0.5515205459100347,False
ENSGDEMO000260,GENE0260,-0.009878908216249371,10.234931859467252,0.9849013110437972,0.9997290791018886,False
ENSGDEMO000261,GENE0261,0.1398286655120664,9.965391631560916,0.7915544803807095,0.9965461298194156,False
ENSGDEMO000262,GENE0262,-0.1631912558564892,9.342214146585022,0.7659136223920643,0.9965461298194156,False
ENSGDEMO000263,GENE0263,0.023344323797079625,9.23808148639326,0.9662509697986301,0.9965461298194156,False
ENSGDEMO000264,GENE0264,-0.229288618956903,8.876157296532718,0.6850489347544475,0.9965461298194156,False
ENSGDEMO000265,GENE0265,1.1014241066204447,10.300737890855196,0.03430001312400299,0.3957693822000345,False
ENSGDEMO000266,GENE0266,0.018780652048324242,8.492070569487192,0.9742464156612863,0.9965461298194156,False
ENSGDEMO000267,GENE0267,0.10245356404702832,8.84594261999438,0.8564937210280563,0.9965461298194156,False
ENSGDEMO000268,GENE0268,-0.8172739074765312,4.2320257341953145,0.4260243296765241,0.9863491143780531,False
ENSGDEMO000269,GENE0269,0.5107100763312014,9.096364859639335,0.35907420594218165,0.94740113933012,False
ENSGDEMO000270,GENE0270,0.03181727871126494,9.524467080060402,0.95319884851205,0.9965461298194156,False
ENSGDEMO000271,GENE0271,0.4630618867315448,9.370415254744998,0.3973974645407602,0.9692621086360004,False
ENSGDEMO000272,GENE0272,-0.00480897864626062,6.742025831102656,0.9944523252241017,0.9997290791018886,False
ENSGDEMO000273,GENE0273,-1.1175444300324053,4.291224763056382,0.2708827327951052,0.8977014291493536,False
ENSGDEMO000274,GENE0274,-0.49001726493892317,7.776541755122456,0.42845245105550933,0.9863491143780531,False
ENSGDEMO000275,GENE0275,1.0897140703153578,8.206122072131455,0.0672523473998107,0.5515205459100347,False
ENSGDEMO000276,GENE0276,-0.4406504322190523,3.214463442960128,0.7287314422819341,0.9965461298194156,False
ENSGDEMO000277,GENE0277,0.6330114524075832,10.29804770638368,0.22388634092931847,0.8484312457126106,False
ENSGDEMO000278,GENE0278,0.10383882350922402,10.091792832140893,0.8434105684831099,0.9965461298194156,False
ENSGDEMO000279,GENE0279,-0.31537869439635546,10.12000940966143,0.5479816025895291,0.9965461298194156,False
ENSGDEMO000280,GENE0280,-0.7072941398230554,9.450711891678761,0.19395720369968553,0.8275967161472332,False
ENSGDEMO000281,GENE0281,-0.10922118540536019,10.019528334408243,0.8359974360632333,0.9965461298194156,False
ENSGDEMO000282,GENE0282,-0.44439790914222144,11.007588175649829,0.3789537019051537,0.9571437274513469,False
ENSGDEMO000283,GENE0283,0.4209629353831579,7.079921528513664,0.5266751586608023,0.9965461298194156,False
ENSGDEMO000284,GENE0284,-0.7236102969552825,9.723559817898282,0.17699382012706108,0.8204919994584984,False
ENSGDEMO000285,GENE0285,-0.35405489322574013,9.074893517849643,0.5254936218232686,0.9965461298194156,False
ENSGDEMO000286,GENE0286,-0.845068376467272,10.300338261591802,0.1044022107821315,0.6755860202971982,False
ENSGDEMO000287,GENE0287,-0.32320834428430256,8.688120779394476,0.5727759507868979,0.9965461298194156,False
ENSGDEMO000288,GENE0288,0.25587856682955223,9.573739785253089,0.6359591549073706,0.9965461298194156,False
ENSGDEMO000289,GENE0289,0.2555363029641202,5.92617077584046,0.7401858216947941,0.9965461298194156,False
ENSGDEMO000290,GENE0290,0.06789663456349615,4.727589995236115,0.9421542616970647,0.9965461298194156,False
ENSGDEMO000291,GENE0291,1.1709760764333264,6.290460851372209,0.10994465753749508,0.6954619591609211,False
ENSGDEMO000292,GENE0292,0.36148110840396797,8.570681711845047,0.5318581281629225,0.9965461298194156,False
ENSGDEMO000293,GENE0293,0.10134597795310629,6.655218748947262,0.8847239193428574,0.9965461298194156,False
ENSGDEMO000294,GENE0294,-0.4184909072125693,8.31618009802978,0.47815878147941465,0.9965461298194156,False
ENSGDEMO000295,GENE0295,0.14411094393679313,9.752865919723702,0.7876909798745477,0.9965461298194156,False
ENSGDEMO000296,GENE0296,-0.2996374777975781,10.593297409116008,0.5596234824035142,0.9965461298194156,False
ENSGDEMO000297,GENE0297,-0.7126474783211298,10.714914633320346,0.16311564533260633,0.8088379107401967,False
ENSGDEMO000298,GENE0298,-0.24730845111782607,5.654882991851882,0.757864781645171,0.9965461298194156,False
ENSGDEMO000299,GENE0299,-0.20808029464134847,9.99713903154073,0.6936250567038637,0.9965461298194156,False
ENSGDEMO000300,GENE0300,-0.46440091011488693,8.286923598360561,0.43234969513571325,0.9863491143780531,False
ENSGDEMO000301,GENE0301,0.6588910415013745,8.763435968524497,0.24764011619797732,0.8663794152698915,False
ENSGDEMO000302,GENE0302,0.21157998279211476,10.461282004524271,0.6821167437947937,0.9965461298194156,False
ENSGDEMO000303,GENE0303,-0.2966964343081022,7.957078588334546,0.6258947290546231,0.9965461298194156,False
ENSGDEMO000304,GENE0304,-0.14436434900387152,10.28012667140353,0.781668180827656,0.9965461298194156,False
ENSGDEMO000305,GENE0305,0.49591605123096816,9.694207310099667,0.3556240050343099,0.94740113933012,False
ENSGDEMO000306,GENE0306,-0.7285886137859565,10.152958698651405,0.16446998837742785,0.8088687952988255,False
ENSGDEMO000307,GENE0307,0.5176722426301383,9.688914245922591,0.3350588869554667,0.9323114937651208,False
ENSGDEMO000308,GENE0308,-0.21475207528479157,9.735071222078767,0.6884733253450657,0.9965461298194156,False
ENSGDEMO000309,GENE0309,-0.414664111315016,11.191118920164891,0.40851230364344404,0.9785237853004626,False
ENSGDEMO000310,GENE0310,-1.065919244653732,8.474218277529674,0.06729682936504842,0.5515205459100347,False
ENSGDEMO000311,GENE0311,0.024666057547093168,8.228072017982605,0.966897965851826,0.9965461298194156,False
ENSGDEMO000312,GENE0312,-0.48845035527680736,9.047650292058186,0.3819548196809768,0.9571437274513469,False
ENSGDEMO000313,GENE0313,0.6775795359176211,9.090192152705757,0.22387290642732877,0.8484312457126106,False
ENSGDEMO000314,GENE0314,-0.07406135881955223,10.93215750671656,0.8837592577738099,0.9965461298194156,False
ENSGDEMO000315,GENE0315,0.1296524692945642,10.861565862366993,0.798535707706429,0.9965461298194156,False
ENSGDEMO000316,GENE0316,0.5567095575444627,9.504595712076915,0.30503153186809434,0.9128125641937985,False
ENSGDEMO000317,GENE0317,0.14348480426760268,10.106709610658498,0.7847346191238929,0.9965461298194156,False
ENSGDEMO000318,GENE0318,-0.5481857452645107,10.40582778017216,0.28981386838528833,0.9042097871528115,False
ENSGDEMO000319,GENE0319,-0.9769896377430323,10.152224327482447,0.06230878403758321,0.5515205459100347,False
ENSGDEMO000320,GENE0320,0.7214199371377301,9.386054693438652,0.18693088436003846,0.8275967161472332,False
ENSGDEMO000321,GENE0321,0.5517650383314407,10.829603422073898,0.2779822442703676,0.9042097871528115,False
ENSGDEMO000322,GENE0322,-0.48938527743584803,10.560050278964773,0.34136153528835667,0.9384863517389433,False
ENSGDEMO000323,GENE0323,-0.8672560086191163,8.960264076851463,0.12280357849701914,0.7177321875626178,False
ENSGDEMO000324,GENE0324,0.12834201167554582,8.148204632753526,0.830183991380459,0.9965461298194156,False
ENSGDEMO000325,GENE0325,-0.25878940042471577,11.119396441010334,0.6069106183665316,0.9965461298194156,False
ENSGDEMO000326,GENE0326,-0.5316172052564454,8.268323762656797,0.3694874889769293,0.9561447381781878,False
ENSGDEMO000327,GENE0327,0.04648441170059581,4.434720980226729,0.9624584571379449,0.9965461298194156,False
ENSGDEMO000328,GENE0328,-0.2055973911619744,5.988096858883036,0.7877912627094201,0.9965461298194156,False
ENSGDEMO000329,GENE0329,-0.2876405621088236,5.564860965163609,0.7236072121537035,0.9965461298194156,False
ENSGDEMO000330,GENE0330,0.004837617439438002,4.421206929778552,0.9961015991261665,0.9997290791018886,False
ENSGDEMO000331,GENE0331,0.5485427616153373,8.68563286789953,0.338578440879196,0.9344459213622093,False
ENSGDEMO000332,GENE0332,-0.03479566610353135,6.707663791507972,0.9600431538414662,0.9965461298194156,False
ENSGDEMO000333,GENE0333,-0.2356433869414234,8.424225640221625,0.6870309560576956,0.9965461298194156,False
ENSGDEMO000334,GENE0334,-0.43234914394506063,9.59893173046232,0.42314329769130143,0.985483470490532,False
ENSGDEMO000335,GENE0335,0.34060152226864115,7.000876305149344,0.6116808120644908,0.9965461298194156,False
ENSGDEMO000336,GENE0336,0.43437889078392145,6.565666874739452,0.5388765728103286,0.9965461298194156,False
ENSGDEMO000337,GENE0337,-0.11716882511997362,8.93501725835056,0.8351396245294556,0.9965461298194156,False
ENSGDEMO000338,GENE0338,0.11644698640157625,6.670245834886961,0.867452272522111,0.9965461298194156,False
ENSGDEMO000339,GENE0339,0.16129820447597965,8.683089301465223,0.7784460931106025,0.9965461298194156,False
ENSGDEMO000340,GENE0340,-0.7580204734773197,10.700692902330498,0.13818311457645385,0.7469357544673182,False
ENSGDEMO000341,GENE0341,-1.2710111813841776,8.954404064451962,0.023784080654199315,0.32068423353976605,False
ENSGDEMO000342,GENE0342,-0.10824126805228218,9.864766724443506,0.8387369566884804,0.9965461298194156,False
ENSGDEMO000343,GENE0343,-0.043485932418221296,9.719489397773875,0.9353504175565343,0.9965461298194156,False
ENSGDEMO000344,GENE0344,-0.12288266253619629,7.097612917933706,0.8530956222152756,0.9965461298194156,False
ENSGDEMO000345,GENE0345,0.18168389886939718,8.31044099857676,0.7582526381919659,0.9965461298194156,False
ENSGDEMO000346,GENE0346,-1.0861474672665352,9.523499684700894,0.045134821803252,0.4669119496888138,False
ENSGDEMO000347,GENE0347,-0.05831937262603404,9.459218995568971,0.914662387061614,0.9965461298194156,False
ENSGDEMO000348,GENE0348,-0.3207585535484494,11.200742335485657,0.5224586752995778,0.9965461298194156,False
ENSGDEMO000349,GENE0349,0.379066381723586,9.480634597896074,0.48554461589515263,0.9965461298194156,False
ENSGDEMO000350,GENE0350,0.11689389604623557,9.569046925929408,0.8288428024893125,0.9965461298194156,False
ENSGDEMO000351,GENE0351,-0.06064016302998265,4.965421204358788,0.9461176123080914,0.9965461298194156,False
ENSGDEMO000352,GENE0352,-0.04802393920364789,8.878286048315474,0.9322922587280694,0.9965461298194156,False
ENSGDEMO000353,GENE0353,0.10688755672601147,5.940335478909352,0.8894578569589643,0.9965461298194156,False
ENSGDEMO000354,GENE0354,0.0983183510652017,6.587726683246645,0.8890737914388871,0.9965461298194156,False
ENSGDEMO000355,GENE0355,0.9240725411677326,8.625999512402785,0.10851211681169823,0.6926305328406269,False
ENSGDEMO000356,GENE0356,-0.45183640938796454,8.210816372871141,0.44780376818767437,0.9965461298194156,False
ENSGDEMO000357,GENE0357,0.2595541336552216,10.804539246125536,0.6101812544892479,0.9965461298194156,False
ENSGDEMO000358,GENE0358,-0.37144478913602974,9.724917582032615,0.48826441713134805,0.9965461298194156,False
ENSGDEMO000359,GENE0359,0.13304648762357152,6.000132636735976,0.8614800086227703,0.9965461298194156,False
ENSGDEMO000360,GENE0360,-0.9087724372758137,10.818308609861685,0.07410040987410176,0.5774057912267669,False
ENSGDEMO000361,GENE0361,0.26066099953240585,6.932273808196689,0.6998904217646662,0.9965461298194156,False
ENSGDEMO000362,GENE0362,-0.6305793085114733,8.010157171238458,0.2978413480661587,0.9105121461151708,False
ENSGDEMO000363,GENE0363,-0.5356739366697063,11.102130085526186,0.28720290399503745,0.9042097871528115,False
ENSGDEMO000364,GENE0364,0.4075724432487,9.129638306101201,0.46323497983200274,0.9965461298194156,False
ENSGDEMO000365,GENE0365,0.35226773516810095,8.754484037397821,0.536779374912396,0.9965461298194156,False
ENSGDEMO000366,GENE0366,0.023673312949309633,11.620372693616767,0.9618215414792265,0.9965461298194156,False
ENSGDEMO000367,GENE0367,0.08943894525719998,8.974139305777596,0.8734393101856047,0.9965461298194156,False
ENSGDEMO000368,GENE0368,-0.37446441837797284,7.372011367527456,0.5610728922774608,0.9965461298194156,False
ENSGDEMO000369,GENE0369,-0.38657383957792557,0.8724965652310878,0.8663877220266651,0.9965461298194156,False
ENSGDEMO000370,GENE0370,-0.27010274545484947,9.79722187074382,0.6128653455890097,0.9965461298194156,False
ENSGDEMO000371,GENE0371,-0.06581363951679986,10.130445549829592,0.9001770002979661,0.9965461298194156,False
ENSGDEMO000372,GENE0372,0.23233941566436211,9.339641916354172,0.6717045961544367,0.9965461298194156,False
ENSGDEMO000373,GENE0373,0.07732986804049613,9.891244698051917,0.8842402266324443,0.9965461298194156,False
ENSGDEMO000374,GENE0374,0.13159343783959798,9.919692727047643,0.8040299320991651,0.9965461298194156,False
ENSGDEMO000375,GENE0375,0.25351059894084216,7.677852380963358,0.684883838839638,0.9965461298194156,False
ENSGDEMO000376,GENE0376,0.031140435335012207,7.727295217253837,0.9600537662336454,0.9965461298194156,False
ENSGDEMO000377,GENE0377,-0.44988419918656053,8.950110221326492,0.42375789231092875,0.985483470490532,False
ENSGDEMO000378,GENE0378,0.3405567830840708,8.135266741559025,0.5697274505257246,0.9965461298194156,False
ENSGDEMO000379,GENE0379,-0.27089189462554764,9.885881060765774,0.6101296323644281,0.9965461298194156,False
ENSGDEMO000380,GENE0380,0.12134563820233257,8.414110208467925,0.835774883421859,0.9965461298194156,False
ENSGDEMO000381,GENE0381,0.23463501252486907,10.69202279369979,0.6464132937417228,0.9965461298194156,False
ENSGDEMO000382,GENE0382,-0.12165758184168496,11.885632226313646,0.8041684875778545,0.9965461298194156,False
ENSGDEMO000383,GENE0383,-0.9717849792980573,6.9217732127442755,0.15119142500178373,0.7753574469247496,False
ENSGDEMO000384,GENE0384,-0.04969179352521458,11.356917448678189,0.9206462701586158,0.9965461298194156,False
ENSGDEMO000385,GENE0385,-0.7329547179224303,7.680291674448101,0.2405726704821547,0.8617528494883153,False
ENSGDEMO000386,GENE0386,-0.5744195342079941,10.86909737921672,0.25798033071696747,0.8769869599443653,False
ENSGDEMO000387,GENE0387,0.45332367004237195,7.26999407273442,0.4863651180952241,0.9965461298194156,False
ENSGDEMO000388,GENE0388,0.5416496933029604,6.715431666065994,0.4350284070130611,0.9887009250296843,False
ENSGDEMO000389,GENE0389,-1.1099775765338844,11.392986991124392,0.02588469180298184,0.33494292243584267,False
ENSGDEMO000390,GENE0390,0.21030240404993794,6.070195511686597,0.7805900401468957,0.9965461298194156,False
ENSGDEMO000391,GENE0391,0.8153509601821591,7.92733481706323,0.1815079919243551,0.8275967161472332,False
ENSGDEMO000392,GENE0392,0.48352992259326477,11.26654184701254,0.333869967977157,0.9323114937651208,False
ENSGDEMO000393,GENE0393,0.3815870842709552,8.987991146973942,0.4963423262500938,0.9965461298194156,False
ENSGDEMO000394,GENE0394,-1.293722272929993,6.724893994680692,0.061952211974864786,0.5515205459100347,False
ENSGDEMO000395,GENE0395,0.08965164213312171,7.0194375262169215,0.8934730356582928,0.9965461298194156,False
ENSGDEMO000396,GENE0396,0.7855908565664604,10.231061635739223,0.132417052875282,0.7353301062346184,False
ENSGDEMO000397,GENE0397,-0.16182635330277417,10.18089841383833,0.757172195400216,0.9965461298194156,False
ENSGDEMO000398,GENE0398,0.2230793293304414,8.23633318909954,0.7072303841434824,0.9965461298194156,False
ENSGDEMO000399,GENE0399,-0.10435317771294272,11.142770811663013,0.8355126506486077,0.9965461298194156,False
ENSGDEMO000400,GENE0400,0.37716654139291794,9.03900437808809,0.49985737803553776,0.9965461298194156,False
ENSGDEMO000401,GENE0401,0.14401875506655237,11.496569874448287,0.7717680968797515,0.9965461298194156,False
ENSGDEMO000402,GENE0402,-0.22172521169313342,10.647572407744363,0.6652309289261316,0.9965461298194156,False
ENSGDEMO000403,GENE0403,0.9587724184856024,6.098035305883454,0.20235865673213227,0.8275967161472332,False
ENSGDEMO000404,GENE0404,0.6451171011046615,9.70358891959928,0.22925443391408634,0.8521981270856717,False
ENSGDEMO000405,GENE0405,0.24736484455277452,9.111554464419308,0.6565621816470706,0.9965461298194156,False
ENSGDEMO000406,GENE0406,0.08323520211098767,11.681737896387169,0.8660933534451867,0.9965461298194156,False
ENSGDEMO000407,GENE0407,-0.8164701898171929,10.561578660805846,0.11239659961001594,0.7024787475625996,False
ENSGDEMO000408,GENE0408,0.05796200535475826,10.592339485834628,0.9101505258807691,0.9965461298194156,False
ENSGDEMO000409,GENE0409,0.524537736224719,9.69504340999175,0.32852233514820706,0.9313583578078212,False
ENSGDEMO000410,GENE0410,-1.3289611414656495,8.540018157539452,0.021849657159206448,0.30487893710520625,False
ENSGDEMO000411,GENE0411,-0.1805176116060121,8.74167892940657,0.7518239052693014,0.9965461298194156,False
ENSGDEMO000412,GENE0412,-0.33650357151237875,5.289993256093538,0.6920800792652706,0.9965461298194156,False
ENSGDEMO000413,GENE0413,-0.693456376089725,9.986335888949037,0.18947556074437527,0.8275967161472332,False
ENSGDEMO000414,GENE0414,0.05804118554643711,9.275032598659623,0.9160227159683341,0.9965461298194156,False
ENSGDEMO000415,GENE0415,-0.35606062296851704,7.583800876182877,0.5722559128342645,0.9965461298194156,False
ENSGDEMO000416,GENE0416,0.061332794583963235,8.190240078355071,0.918074888523369,0.9965461298194156,False
ENSGDEMO000417,GENE0417,-0.8057194289462686,9.258417249407868,0.1436778071490662,0.7583009667050111,False
ENSGDEMO000418,GENE0418,-0.3133247230862253,9.02491199228903,0.575498001491808,0.9965461298194156,False
ENSGDEMO000419,GENE0419,-0.3480203140332421,10.640813448667137,0.49715264826585115,0.9965461298194156,False
ENSGDEMO000420,GENE0420,-0.15590064975230167,8.346841178018227,0.7910956349664106,0.9965461298194156,False
ENSGDEMO000421,GENE0421,0.05997873867924408,9.328164945121758,0.9129415512763427,0.9965461298194156,False
ENSGDEMO000422,GENE0422,-0.12248760807361325,10.125560230685567,0.8154512559490827,0.9965461298194156,False
ENSGDEMO000423,GENE0423,-0.533710151614871,7.7954862551245245,0.38759303698596753,0.9617623320708875,False
ENSGDEMO000424,GENE0424,0.4018318721727674,9.66022378413074,0.4550307318369418,0.9965461298194156,False
ENSGDEMO000425,GENE0425,0.08775392774475677,8.108992705343576,0.8838069119923838,0.9965461298194156,False
ENSGDEMO000426,GENE0426,0.0008277273462455881,6.094789169330857,0.9991222353810544,0.9997290791018886,False
ENSGDEMO000427,GENE0427,-0.18816611589949783,9.924017546319128,0.7226719731523874,0.9965461298194156,False
ENSGDEMO000428,GENE0428,-0.7416886951162613,11.279732989693224,0.1380832540556961,0.7469357544673182,False
ENSGDEMO000429,GENE0429,0.39177553389704567,6.875884901565437,0.5649111963125483,0.9965461298194156,False
ENSGDEMO000430,GENE0430,1.0635574405241695,8.086267214711294,0.07710412175382401,0.5782809131536801,False
ENSGDEMO000431,GENE0431,0.40042693147481945,9.839714019561795,0.45214030451477294,0.9965461298194156,False
ENSGDEMO000432,GENE0432,0.3334437523015632,7.403773641271752,0.6035586244993064,0.9965461298194156,False
ENSGDEMO000433,GENE0433,-0.8729929949538322,10.47289992086115,0.09087217137857341,0.6195829866720914,False
ENSGDEMO000434,GENE0434,0.11264246744011253,8.360910102233538,0.8480490392245135,0.9965461298194156,False
ENSGDEMO000435,GENE0435,0.19591012767124472,8.740841009710936,0.7314636411118567,0.9965461298194156,False
ENSGDEMO000436,GENE0436,0.36084576962493653,10.144454552974654,0.49130810411254716,0.9965461298194156,False
ENSGDEMO000437,GENE0437,-0.37352055055828703,9.01656898178114,0.5046594957117285,0.9965461298194156,False
ENSGDEMO000438,GENE0438,-0.0674315623742876,7.354270014530561,0.9167932879780644,0.9965461298194156,False
ENSGDEMO000439,GENE0439,0.1946634513714951,9.179361955468401,0.7252221787767524,0.9965461298194156,False
ENSGDEMO000440,GENE0440,-0.3821678061164664,6.08054614995025,0.6122088428530266,0.9965461298194156,False
ENSGDEMO000441,GENE0441,0.5389355141580205,7.767050757850671,0.38424037309608056,0.9586591675646317,False
ENSGDEMO000442,GENE0442,0.4292805570109408,9.660519707069035,0.4248135008952964,0.9860274682289278,False
ENSGDEMO000443,GENE0443,-0.3769999379031397,9.349052629125993,0.49139863229678915,0.9965461298194156,False
ENSGDEMO000444,GENE0444,0.3094455346283933,9.627902567535733,0.5658054089348779,0.9965461298194156,False
ENSGDEMO000445,GENE0445,-0.0406138846193711,6.740175552246233,0.9531845247107782,0.9965461298194156,False
ENSGDEMO000446,GENE0446,0.24883432663489735,6.915249215379644,0.7134311054802465,0.9965461298194156,False
ENSGDEMO000447,GENE0447,-0.35330632506435133,8.703066012852794,0.5371219940005342,0.9965461298194156,False
ENSGDEMO000448,GENE0448,-0.44799401418435814,9.37184670605177,0.4128931688698271,0.9800593496641187,False
ENSGDEMO000449,GENE0449,-0.02563268213038228,10.756837167320155,0.959922924466511,0.9965461298194156,False
ENSGDEMO000450,GENE0450,-0.26374303538636745,9.692987299817089,0.6232590571953206,0.9965461298194156,False
ENSGDEMO000451,GENE0451,-0.6077659566673992,7.735823746955385,0.32791353593578487,0.9313583578078212,False
ENSGDEMO000452,GENE0452,0.7776947848011222,7.4706726859923815,0.2226514037159582,0.8484312457126106,False
ENSGDEMO000453,GENE0453,0.2935411455952561,8.862928000896197,0.6039340172365653,0.9965461298194156,False
ENSGDEMO000454,GENE0454,-0.335886696144569,9.181524506808419,0.5441371324389063,0.9965461298194156,False
ENSGDEMO000455,GENE0455,-0.5655855554265168,8.54154182709583,0.3290799530920968,0.9313583578078212,False
ENSGDEMO000456,GENE0456,-0.2922781661180638,9.800521746996896,0.5839477403712262,0.9965461298194156,False
ENSGDEMO000457,GENE0457,0.21577583208137074,8.023343011708153,0.7213466846507317,0.9965461298194156,False
ENSGDEMO000458,GENE0458,0.2727073260513606,10.100516198790794,0.6037625559656769,0.9965461298194156,False
ENSGDEMO000459,GENE0459,0.5325915861378414,9.11679386492569,0.33820301013308673,0.9344459213622093,False
ENSGDEMO000460,GENE0460,-0.6775206404570486,8.671127894774937,0.23771740983807949,0.8592195536316126,False
ENSGDEMO000461,GENE0461,-0.12514730735687962,7.933064596540715,0.8374256995854656,0.9965461298194156,False
ENSGDEMO000462,GENE0462,-0.7531410152064089,8.718186580762689,0.18780770303057467,0.8275967161472332,False
ENSGDEMO000463,GENE0463,0.03471323291767625,9.78717913418676,0.9481793728202772,0.9965461298194156,False
ENSGDEMO000464,GENE0464,0.07340047903465852,8.898625547310928,0.8965331029233158,0.9965461298194156,False
ENSGDEMO000465,GENE0465,1.6822864281031809,9.309104944398209,0.00219264791961362,0.0657794375884086,False
ENSGDEMO000466,GENE0466,-1.4425427450190333,4.645375212052815,0.12879099453430853,0.7272460540585031,False
ENSGDEMO000467,GENE0467,-0.6966458902427606,10.546558999646745,0.17584884322210503,0.8204919994584984,False
ENSGDEMO000468,GENE0468,0.4880633373202583,9.290782800359425,0.3747777377050439,0.9571437274513469,False
ENSGDEMO000469,GENE0469,-0.8285073712203639,7.358157115643064,0.19908716161762013,0.8275967161472332,False
ENSGDEMO000470,GENE0470,0.2208224799928491,11.633739564756196,0.6550966423129916,0.9965461298194156,False
ENSGDEMO000471,GENE0471,0.2781013083668009,8.676916069945356,0.6277790386615574,0.9965461298194156,False
ENSGDEMO000472,GENE0472,-0.1545484512327553,9.472421169592103,0.7762560528962991,0.9965461298194156,False
ENSGDEMO000473,GENE0473,-0.5607633594953043,11.622274115359287,0.25681922952473046,0.8769869599443653,False
ENSGDEMO000474,GENE0474,-0.3848534732183735,6.263637607831814,0.6006550126072732,0.9965461298194156,False
ENSGDEMO000475,GENE0475,0.3436639659342946,9.65811255123058,0.5229291310543889,0.9965461298194156,False
ENSGDEMO000476,GENE0476,-0.13748422100357338,7.026078628181822,0.8371718326683281,0.9965461298194156,False
ENSGDEMO000477,GENE0477,-0.7182182003745607,9.276549369676898,0.19191614605208304,0.8275967161472332,False
ENSGDEMO000478,GENE0478,0.3479380876863889,9.059940952349523,0.5330834325049487,0.9965461298194156,False
ENSGDEMO000479,GENE0479,-0.02145755564516616,8.842930922403553,0.9697942953769715,0.9965461298194156,False
ENSGDEMO000480,GENE0480,0.45632985620548805,9.221523395749406,0.4086878738900811,0.9785237853004626,False
ENSGDEMO000481,GENE0481,-0.40776849476962873,10.493503535291698,0.42924202958096436,0.9863491143780531,False
ENSGDEMO000482,GENE0482,0.35160165947514654,6.055591616655982,0.6421093883615396,0.9965461298194156,False
ENSGDEMO000483,GENE0483,-0.20345797583674052,9.135017236494338,0.7141381350521474,0.9965461298194156,False
ENSGDEMO000484,GENE0484,-0.23240100179277334,9.236022713578878,0.6736359672874692,0.9965461298194156,False
ENSGDEMO000485,GENE0485,0.30626397937409244,9.156616638708412,0.5808271089677894,0.9965461298194156,False
ENSGDEMO000486,GENE0486,0.14957492458988142,9.141608056426456,0.7876140335232513,0.9965461298194156,False
ENSGDEMO000487,GENE0487,-0.34375987728420654,7.666594068143411,0.5825432729700667,0.9965461298194156,False
ENSGDEMO000488,GENE0488,0.4311776108012104,9.812637215800477,0.4188557881153167,0.985483470490532,False
ENSGDEMO000489,GENE0489,-0.2780114076821665,10.480782440346461,0.5901339876877787,0.9965461298194156,False
ENSGDEMO000490,GENE0490,-1.1539146808959826,8.917010615402496,0.04065779847765774,0.44353961975626627,False
ENSGDEMO000491,GENE0491,0.6481596960048361,6.16675365288283,0.38426254966548984,0.9586591675646317,False
ENSGDEMO000492,GENE0492,0.5917413016458877,11.11694966670208,0.2394706804784958,0.860373702317949,False
ENSGDEMO000493,GENE0493,0.39944316833367033,10.880078819597964,0.4313139907284331,0.9863491143780531,False
ENSGDEMO000494,GENE0494,-0.47354521749854683,9.97312568500687,0.3705657118577097,0.9562986112457025,False
ENSGDEMO000495,GENE0495,-0.7593966413676219,10.093958244880438,0.14852581023809824,0.7725457230508046,False
ENSGDEMO000496,GENE0496,1.0516779863102634,10.363573963588204,0.042678828120630695,0.45148546688021357,False
ENSGDEMO000497,GENE0497,0.10814718844535598,9.870072244892045,0.8388302470797272,0.9965461298194156,False
ENSGDEMO000498,GENE0498,-0.9566930237699127,10.48129125298894,0.06379402760634816,0.5515205459100347,False
ENSGDEMO000499,GENE0499,-0.03922848428637593,8.240358179974582,0.9473238869016954,0.9965461298194156,False
ENSGDEMO000500,GENE0500,-1.1227367621924955,9.778971084325674,0.03562809114864727,0.40333688092808223,False
ENSGDEMO000501,GENE0501,0.18946639095584406,9.2573229829884,0.730979801519726,0.9965461298194156,False
ENSGDEMO000502,GENE0502,-0.04319181179944742,9.880740619002612,0.935222491763094,0.9965461298194156,False
ENSGDEMO000503,GENE0503,0.10805792191965224,8.254849554182725,0.8554180938165405,0.9965461298194156,False
ENSGDEMO000504,GENE0504,0.2909696594416866,8.670298895951813,0.6121269457069413,0.9965461298194156,False
ENSGDEMO000505,GENE0505,-0.14530065978257767,9.471410822348574,0.7893310756050278,0.9965461298194156,False
ENSGDEMO000506,GENE0506,-0.0734875166844402,8.624726634062151,0.8984498355366737,0.9965461298194156,False
ENSGDEMO000507,GENE0507,-0.6565252560740547,9.375212919119111,0.23006148052041725,0.8521981270856717,False
ENSGDEMO000508,GENE0508,-0.18943483762499724,9.285579685751223,0.7305600166631838,0.9965461298194156,False
ENSGDEMO000509,GENE0509,-0.27797528625340995,10.715698271200496,0.586426139401381,0.9965461298194156,False
ENSGDEMO000510,GENE0510,-0.6762334404519423,9.122787567307679,0.22379277412525655,0.8484312457126106,False
ENSGDEMO000511,GENE0511,0.616697129579971,8.66608730189402,0.2826841074870651,0.9042097871528115,False
ENSGDEMO000512,GENE0512,-0.0009866997909320219,12.215029244820725,0.9983809557951588,0.9997290791018886,False
ENSGDEMO000513,GENE0513,0.4316060108273527,9.655126915406308,0.4224509247772366,0.985483470490532,False
ENSGDEMO000514,GENE0514,-0.7198905116285665,8.49784589128325,0.2157108764992711,0.8484312457126106,False
ENSGDEMO000515,GENE0515,0.1008614047545695,8.364247189962624,0.8637403118921704,0.9965461298194156,False
ENSGDEMO000516,GENE0516,-0.12590720630659735,10.163947270048645,0.8100448152811893,0.9965461298194156,False
ENSGDEMO000517,GENE0517,0.8244034202183439,11.35081283533993,0.09845686582477725,0.6527527016007332,False
ENSGDEMO000518,GENE0518,-0.2350764525150879,8.225288269530743,0.6925408748327452,0.9965461298194156,False
ENSGDEMO000519,GENE0519,-0.6023197200270314,4.552826992268418,0.5329541346329265,0.9965461298194156,False
ENSGDEMO000520,GENE0520,0.017209186234245166,9.044016383180555,0.9754322477297225,0.9965461298194156,False
ENSGDEMO000521,GENE0521,-0.5377225435640525,5.804248162685058,0.4930354127486927,0.9965461298194156,False
ENSGDEMO000522,GENE0522,0.04165121015907669,9.759714634896913,0.9379347308531076,0.9965461298194156,False
ENSGDEMO000523,GENE0523,0.03646749754704892,10.84327646120305,0.9428085562215281,0.9965461298194156,False
ENSGDEMO000524,GENE0524,-0.5569558924108806,9.292255025155828,0.31109034961784865,0.9136491841936033,False
ENSGDEMO000525,GENE0525,-0.2931193788343398,8.190780572156983,0.6230004598759247,0.9965461298194156,False
ENSGDEMO000526,GENE0526,0.9916871706151156,8.99550566798304,0.07692847849330443,0.5782809131536801,False
ENSGDEMO000527,GENE0527,0.5302415035510535,7.025166582585911,0.42805363964635657,0.9863491143780531,False
ENSGDEMO000528,GENE0528,0.725979744785743,6.996433859715457,0.2794554179844857,0.9042097871528115,False
ENSGDEMO000529,GENE0529,0.4435514042039346,9.593368362408633,0.41137874799863555,0.9797645906614336,False
ENSGDEMO000530,GENE0530,-0.31177451930280675,8.7809185900741,0.5838700339836393,0.9965461298194156,False
ENSGDEMO000531,GENE0531,-0.5346270242707316,9.673046298479017,0.3199029275054023,0.9205839640443232,False
ENSGDEMO000532,GENE0532,-0.3868250349505624,10.029824843715012,0.463213493225189,0.9965461298194156,False
ENSGDEMO000533,GENE0533,0.4537088152356894,11.467800447236904,0.3612733267639704,0.9507192809578169,False
ENSGDEMO000534,GENE0534,0.1598763949475268,7.73680630796786,0.7968867417363491,0.9965461298194156,False
ENSGDEMO000535,GENE0535,-0.38498765765794474,10.874429640003633,0.4482728173585521,0.9965461298194156,False
ENSGDEMO000536,GENE0536,0.04788230256711756,9.55278861666463,0.9295026185379134,0.9965461298194156,False
ENSGDEMO000537,GENE0537,-0.2864468894985759,6.110650387438785,0.7027942773938425,0.9965461298194156,False
ENSGDEMO000538,GENE0538,-0.23746255015571904,10.996041697387845,0.638407571791082,0.9965461298194156,False
ENSGDEMO000539,GENE0539,0.0212722803057801,8.467911928121913,0.9708865344579357,0.9965461298194156,False
ENSGDEMO000540,GENE0540,-0.03260316402415864,9.620979214038993,0.9517749925104807,0.9965461298194156,False
ENSGDEMO000541,GENE0541,-0.5965972583760024,10.534806966021321,0.24659894877090005,0.8657173823120382,False
ENSGDEMO000542,GENE0542,-0.17638576950577978,8.379281033087478,0.7638073151151552,0.9965461298194156,False
ENSGDEMO000543,GENE0543,0.039670259619008164,9.803506479497646,0.9407396107282257,0.9965461298194156,False
ENSGDEMO000544,GENE0544,-0.4894234015428003,6.372314462087528,0.49943802682006566,0.9965461298194156,False
ENSGDEMO000545,GENE0545,0.27285719001692765,10.190763415004788,0.6019565989723223,0.9965461298194156,False
ENSGDEMO000546,GENE0546,0.4184490224842845,10.240610946314643,0.422657465852856,0.985483470490532,False
ENSGDEMO000547,GENE0547,-0.5196056533498554,6.749238958438515,0.45209624357122924,0.9965461298194156,False
ENSGDEMO000548,GENE0548,0.1710515984493446,7.578426233142283,0.7862735492725701,0.9965461298194156,False
ENSGDEMO000549,GENE0549,-0.17017072375083409,8.697511284030961,0.7663602633670197,0.9965461298194156,False
ENSGDEMO000550,GENE0550,-0.5654990859182965,7.932551966218518,0.3538587567628581,0.94740113933012,False
ENSGDEMO000551,GENE0551,-0.3055028055278175,8.816054982217395,0.590517658887862,0.9965461298194156,False
ENSGDEMO000552,GENE0552,-0.31867846651891707,10.234223080400799,0.5415599850673563,0.9965461298194156,False
ENSGDEMO000553,GENE0553,-0.7993294250286018,8.367327354354963,0.17370566938515997,0.8204919994584984,False
ENSGDEMO000554,GENE0554,-0.6350175823443358,11.34782552401878,0.2031390203002148,0.8275967161472332,False
ENSGDEMO000555,GENE0555,0.1856328396633069,7.125409593077324,0.7790222875698644,0.9965461298194156,False
ENSGDEMO000556,GENE0556,0.12804425679071674,9.529878696871952,0.8132263141135527,0.9965461298194156,False
ENSGDEMO000557,GENE0557,0.32181942758789894,8.900581441848894,0.5685154677018431,0.9965461298194156,False
ENSGDEMO000558,GENE0558,-0.2426135646594929,10.560450192514752,0.6371372119749161,0.9965461298194156,False
ENSGDEMO000559,GENE0559,-1.1819874433672108,11.820407655512051,0.01619417666704017,0.2556975263216869,False
ENSGDEMO000560,GENE0560,0.17706347388309673,8.506488409728155,0.7605896081607046,0.9965461298194156,False
ENSGDEMO000561,GENE0561,-0.3533308768868073,9.560238496330815,0.5136774208106912,0.9965461298194156,False
ENSGDEMO000562,GENE0562,0.642759354846909,10.99990217634521,0.20331107585559366,0.8275967161472332,False
ENSGDEMO000563,GENE0563,-0.8553201589892296,7.081279771601733,0.19826212780611283,0.8275967161472332,False
ENSGDEMO000564,GENE0564,-0.20221883538972918,10.932398433040158,0.6897412366839104,0.9965461298194156,False
ENSGDEMO000565,GENE0565,-1.4915867030165737,9.127470351729338,0.007272390490079869,0.14791302691687871,False
ENSGDEMO000566,GENE0566,-0.10497605633079488,9.818789609636916,0.84391873943115,0.9965461298194156,False
ENSGDEMO000567,GENE0567,0.0035865176427449796,10.234187071524081,0.994518362677005,0.9997290791018886,False
ENSGDEMO000568,GENE0568,0.036183031075466054,8.73640562856136,0.9494783944277534,0.9965461298194156,False
ENSGDEMO000569,GENE0569,-0.7563139343274474,5.8912903937803165,0.3288063055548477,0.9313583578078212,False
ENSGDEMO000570,GENE0570,0.3751099545212817,10.382065618826344,0.4693471139376808,0.9965461298194156,False
ENSGDEMO000571,GENE0571,-0.5668890377267708,9.59357804671327,0.2937607597127882,0.9105121461151708,False
ENSGDEMO000572,GENE0572,-0.6348042439765802,9.38438345223809,0.24558271011544702,0.8657173823120382,False
ENSGDEMO000573,GENE0573,-0.27974000712657876,10.430833467129421,0.5886585091944647,0.9965461298194156,False
ENSGDEMO000574,GENE0574,0.026320136735622057,10.86280246080445,0.9586736040672076,0.9965461298194156,False
ENSGDEMO000575,GENE0575,0.39476135728673967,6.9938131993894475,0.5565806854181139,0.9965461298194156,False
ENSGDEMO000576,GENE0576,0.38868777767061147,10.802248629296498,0.44523208516819013,0.9965461298194156,False
ENSGDEMO000577,GENE0577,0.8074174008553658,7.684465299338897,0.19590607659763798,0.8275967161472332,False
ENSGDEMO000578,GENE0578,0.4565812764443633,4.284217085609701,0.6532679567992977,0.9965461298194156,False
ENSGDEMO000579,GENE0579,-0.44046032641918753,8.307565415260674,0.455684396180053,0.9965461298194156,False
ENSGDEMO000580,GENE0580,-0.3800746842514515,10.334649454809249,0.46446271969993896,0.9965461298194156,False
ENSGDEMO000581,GENE0581,-0.47830299282575073,7.149183817615868,0.4685248565300275,0.9965461298194156,False
ENSGDEMO000582,GENE0582,0.6997903585344609,6.920343325499517,0.3014048876956648,0.9110475194831179,False
ENSGDEMO000583,GENE0583,-0.5200451825819172,7.436845442133366,0.41641002584921327,0.9836457303524724,False
ENSGDEMO000584,GENE0584,-0.40157254742949045,6.512895796790359,0.5725385203663692,0.9965461298194156,False
ENSGDEMO000585,GENE0585,0.10330117251471105,9.496019182332377,0.8491294656021782,0.9965461298194156,False
ENSGDEMO000586,GENE0586,-0.6403609788002358,8.87371670029855,0.2574143631076738,0.8769869599443653,False
ENSGDEMO000587,GENE0587,0.37874637476466066,4.601912365620256,0.692376992048751,0.9965461298194156,False
ENSGDEMO000588,GENE0588,0.7840194576003352,8.615892152330357,0.17363017440358805,0.8204919994584984,False
ENSGDEMO000589,GENE0589,0.41603521756720596,11.49925220587353,0.40203389838104797,0.9726626573735032,False
ENSGDEMO000590,GENE0590,-0.6192855441812197,7.185868456751083,0.3460236528303906,0.9418058578047048,False
ENSGDEMO000591,GENE0591,0.4297986254327464,9.403380946418123,0.43123778079637726,0.9863491143780531,False
ENSGDEMO000592,GENE0592,-1.2570894820208451,9.938454619541291,0.01765761277091136,0.26486419156367036,False
ENSGDEMO000593,GENE0593,0.7574650674350121,10.870596150446781,0.1357702376039009,0.7469357544673182,False
ENSGDEMO000594,GENE0594,-0.039703439709813715,10.346069133164594,0.9390559708543524,0.9965461298194156,False
ENSGDEMO000595,GENE0595,0.0555520954960933,9.932007641346907,0.9165204792006515,0.9965461298194156,False
ENSGDEMO000596,GENE0596,0.6054610584580251,10.631818286422703,0.2376879803634972,0.8592195536316126,False
ENSGDEMO000597,GENE0597,-0.3007688008124605,10.269788605589547,0.5638558458731563,0.9965461298194156,False
ENSGDEMO000598,GENE0598,0.17589452206705047,9.229553854982193,0.7500081064273325,0.9965461298194156,False
ENSGDEMO000599,GENE0599,-0.5237567214316208,8.211954182737061,0.37886376947765715,0.9571437274513469,False
ENSGDEMO000600,GENE0600,0.18347557022817007,9.543522228554155,0.7347465345504705,0.9965461298194156,False
ENSGDEMO000601,GENE0601,0.23956662996411193,9.444173045043748,0.6600846992005686,0.9965461298194156,False
ENSGDEMO000602,GENE0602,-0.5434305123499961,8.269244488230227,0.358908755099827,0.94740113933012,False
ENSGDEMO000603,GENE0603,-0.20741168724684744,8.845168230511833,0.7143060293614839,0.9965461298194156,False
ENSGDEMO000604,GENE0604,0.2853845943292894,9.03196365299158,0.6098538247708019,0.9965461298194156,False
ENSGDEMO000605,GENE0605,-0.03273935719383747,8.169837487561136,0.9562893843979456,0.9965461298194156,False
ENSGDEMO000606,GENE0606,-0.2072131583130803,10.185799006104135,0.6920979339497005,0.9965461298194156,False
ENSGDEMO000607,GENE0607,-0.25813963521781425,10.104539631035053,0.6231637105292318,0.9965461298194156,False
ENSGDEMO000608,GENE0608,0.9505044643692955,9.417247154742107,0.08149178862396762,0.5855697386153361,False
ENSGDEMO000609,GENE0609,1.2723358924562338,6.334530699151476,0.08063432156943413,0.5855697386153361,False
ENSGDEMO000610,GENE0610,-0.12081838506275311,11.00857390863227,0.8109450769884259,0.9965461298194156,False
ENSGDEMO000611,GENE0611,1.420946934323828,8.966663205893925,0.011425335444078774,0.20162356666021367,False
ENSGDEMO000612,GENE0612,-0.4522761175057557,10.477854367469822,0.38094170550246237,0.9571437274513469,False
ENSGDEMO000613,GENE0613,0.18812789100820382,10.580912009506262,0.7142948032959738,0.9965461298194156,False
ENSGDEMO000614,GENE0614,-0.1823468549583982,8.031836181622086,0.7629331037671145,0.9965461298194156,False
ENSGDEMO000615,GENE0615,0.2096177056847619,9.755056992283771,0.6952247826997912,0.9965461298194156,False
ENSGDEMO000616,GENE0616,0.3551804147198858,8.156840193986152,0.5525364629302494,0.9965461298194156,False
ENSGDEMO000617,GENE0617,-0.6750333062178662,10.15428393075672,0.19771442711985443,0.8275967161472332,False
ENSGDEMO000618,GENE0618,-0.0037371305068525373,9.534728139475247,0.9944964913606412,0.9997290791018886,False
ENSGDEMO000619,GENE0619,-0.54215284352893,7.943148408099837,0.37362170981810916,0.9571437274513469,False
ENSGDEMO000620,GENE0620,0.10394825876848302,10.601520751937352,0.8395563956107102,0.9965461298194156,False
ENSGDEMO000621,GENE0621,0.5441082221563587,7.994014615102631,0.36970929876223263,0.9561447381781878,False
ENSGDEMO000622,GENE0622,-0.5198404432612431,10.944304974987555,0.3045595891931001,0.9128125641937985,False
ENSGDEMO000623,GENE0623,-0.037726656301705574,8.93637025107322,0.9465688689598443,0.9965461298194156,False
ENSGDEMO000624,GENE0624,-0.056007681581041524,8.516806680396831,0.9231546891028233,0.9965461298194156,False
ENSGDEMO000625,GENE0625,-0.5665684906036841,7.102422080527741,0.3929876778310102,0.9660980573634904,False
ENSGDEMO000626,GENE0626,0.6410229206510403,10.093126315463536,0.22265422177281535,0.8484312457126106,False
ENSGDEMO000627,GENE0627,1.049673952751074,8.426143280142163,0.07266351356699596,0.5699099103293801,False
ENSGDEMO000628,GENE0628,0.7348110218802599,9.842508305997319,0.1676153902197952,0.8143257824443492,False
ENSGDEMO000629,GENE0629,-0.15672828510122905,8.435344977945451,0.7885441437002249,0.9965461298194156,False
ENSGDEMO000630,GENE0630,0.008912997531290934,7.927113860471625,0.9883468696884022,0.9997290791018886,False
ENSGDEMO000631,GENE0631,-0.6890658452028919,10.2584668728865,0.1863380612935195,0.8275967161472332,False
ENSGDEMO000632,GENE0632,0.392833107556803,8.805292064887896,0.48933548506789054,0.9965461298194156,False
ENSGDEMO000633,GENE0633,0.9248547094248556,7.360069294825457,0.15163537567758933,0.7753574469247496,False
ENSGDEMO000634,GENE0634,-0.45621706985371624,8.299859029835588,0.4400157712752361,0.996262123642044,False
ENSGDEMO000635,GENE0635,0.3652256008917796,11.488305116793942,0.46210202107338194,0.9965461298194156,False
ENSGDEMO000636,GENE0636,-0.08025571015193922,9.920586189603068,0.8797084990987776,0.9965461298194156,False
ENSGDEMO000637,GENE0637,-0.28686064377887543,10.501940017078454,0.578000404150907,0.9965461298194156,False
ENSGDEMO000638,GENE0638,-0.31654191703266665,8.671737856159345,0.5811806660589539,0.9965461298194156,False
ENSGDEMO000639,GENE0639,-0.29576219767168155,10.081055283029759,0.5738929955406127,0.9965461298194156,False
ENSGDEMO000640,GENE0640,-0.27473828120184773,8.040558391048304,0.6492439813439754,0.9965461298194156,False
ENSGDEMO000641,GENE0641,-0.15474586508040922,10.800468005342603,0.761203225158978,0.9965461298194156,False
ENSGDEMO000642,GENE0642,0.18987685637165796,5.0356843646777945,0.8304030064851288,0.9965461298194156,False
ENSGDEMO000643,GENE0643,0.16466864599786746,6.864970058074648,0.8090852013308876,0.9965461298194156,False
ENSGDEMO000644,GENE0644,0.298082983718713,2.4503687027231984,0.8444612957573299,0.9965461298194156,False
ENSGDEMO000645,GENE0645,0.12266400470919159,7.667552114560231,0.8444860631227179,0.9965461298194156,False
ENSGDEMO000646,GENE0646,-1.0512628320937951,9.32935315944406,0.05531683429168951,0.5208032524690384,False
ENSGDEMO000647,GENE0647,0.6035752059971635,10.993160868245864,0.23235501878356996,0.8552945476695826,False
ENSGDEMO000648,GENE0648,-0.1988028357912599,8.048548067053924,0.741899907629171,0.9965461298194156,False
ENSGDEMO000649,GENE0649,0.29198644126137463,9.551084118900086,0.5895829190675123,0.9965461298194156,False
ENSGDEMO000650,GENE0650,0.678532286413132,10.01431039956834,0.19853527148783537,0.8275967161472332,False
ENSGDEMO000651,GENE0651,0.432611122628753,8.230628152021342,0.4666143604790669,0.9965461298194156,False
ENSGDEMO000652,GENE0652,0.4847013436696468,9.675371901652646,0.36711506259676585,0.9561447381781878,False
ENSGDEMO000653,GENE0653,-0.3612807978000223,8.961497461646129,0.5202999320820989,0.9965461298194156,False
ENSGDEMO000654,GENE0654,-0.024862966526479013,8.255369367471067,0.9665574224922133,0.9965461298194156,False
ENSGDEMO000655,GENE0655,-0.3825772937644851,9.64141541084594,0.47739502057628647,0.9965461298194156,False
ENSGDEMO000656,GENE0656,0.35773414730835107,7.263080324359026,0.583065691978024,0.9965461298194156,False
ENSGDEMO000657,GENE0657,0.07250876582190813,9.362205415844034,0.894630044840198,0.9965461298194156,False
ENSGDEMO000658,GENE0658,0.33826734419824156,10.59988852308574,0.5100240653704095,0.9965461298194156,False
ENSGDEMO000659,GENE0659,0.03735249470074731,7.202552575790376,0.9545925308765923,0.9965461298194156,False
ENSGDEMO000660,GENE0660,-0.563534499545745,8.801259422837193,0.32143985304527956,0.9205914645688197,False
ENSGDEMO000661,GENE0661,-0.47002736224594255,9.366950271786967,0.3904370652737183,0.9640421364783168,False
ENSGDEMO000662,GENE0662,0.07378913411443211,9.04844325377635,0.8949165191576933,0.9965461298194156,False
ENSGDEMO000663,GENE0663,-1.2118853164132681,7.101763249925184,0.06769710759485732,0.5515205459100347,False
ENSGDEMO000664,GENE0664,-0.7850137552372702,9.770423991406775,0.14198825554999844,0.7555888555433332,False
ENSGDEMO000665,GENE0665,-0.10121928613659303,7.678977738250004,0.8712706376183917,0.9965461298194156,False
ENSGDEMO000666,GENE0666,0.31336374588344373,10.513782777533612,0.5431726661098599,0.9965461298194156,False
ENSGDEMO000667,GENE0667,-0.5901948248176936,8.839583296096013,0.29774948395781686,0.9105121461151708,False
ENSGDEMO000668,GENE0668,-0.029855194757558934,9.051543367268243,0.957370794481291,0.9965461298194156,False
ENSGDEMO000669,GENE0669,-0.06373615471377647,6.454995267699795,0.9291583125958115,0.9965461298194156,False
ENSGDEMO000670,GENE0670,-0.7731704857936244,11.17765536624079,0.123474540938478,0.7177321875626178,False
ENSGDEMO000671,GENE0671,-0.9786162713388178,7.699748158261184,0.11645196828770975,0.7141672310394724,False
ENSGDEMO000672,GENE0672,0.13733576842945183,8.650935691923614,0.8111271996070755,0.9965461298194156,False
ENSGDEMO000673,GENE0673,-0.0559686080569195,3.4401887452719833,0.9630710457565749,0.9965461298194156,False
ENSGDEMO000674,GENE0674,-0.19749099776094425,11.208643562024754,0.6936639566551737,0.9965461298194156,False
ENSGDEMO000675,GENE0675,-0.03388979476861653,9.46225021426974,0.9503378652418168,0.9965461298194156,False
ENSGDEMO000676,GENE0676,0.021151058382491428,11.457361369024486,0.966064197721645,0.9965461298194156,False
ENSGDEMO000677,GENE0677,-0.09309196901841776,10.35695252334852,0.8576580285287462,0.9965461298194156,False
ENSGDEMO000678,GENE0678,-0.1426270617703409,8.629011251091653,0.8043129615199723,0.9965461298194156,False
ENSGDEMO000679,GENE0679,-0.25106970761734715,9.338592149378531,0.6469914308289839,0.9965461298194156,False
ENSGDEMO000680,GENE0680,-0.22673215769937372,9.108111625122644,0.683653893854907,0.9965461298194156,False
ENSGDEMO000681,GENE0681,0.5662992013501764,9.877975277141843,0.2866615058364541,0.9042097871528115,False
ENSGDEMO000682,GENE0682,-0.8413148700253084,7.970007352145268,0.1663557843139899,0.8114916307999507,False
ENSGDEMO000683,GENE0683,-0.4403611136330454,7.0537469668654555,0.5090500318271083,0.9965461298194156,False
ENSGDEMO000684,GENE0684,0.3104415349847791,10.789040432117966,0.5422683548074096,0.9965461298194156,False
ENSGDEMO000685,GENE0685,0.35922858744544683,8.578172009141745,0.5341827193166298,0.9965461298194156,False
ENSGDEMO000686,GENE0686,0.7829938573388233,9.521797975070468,0.1487150516872799,0.7725457230508046,False
ENSGDEMO000687,GENE0687,-0.6745087201410982,11.539467451088147,0.1737084601507701,0.8204919994584984,False
ENSGDEMO000688,GENE0688,-0.6783690709412795,10.653383471163737,0.18544350478889277,0.8275967161472332,False
ENSGDEMO000689,GENE0689,0.46429453243720253,10.038923562055057,0.37838081674794155,0.9571437274513469,False
ENSGDEMO000690,GENE0690,0.4707331367334566,9.23380374445122,0.39368495837562234,0.9660980573634904,False
ENSGDEMO000691,GENE0691,0.03808313489968729,9.118820891289186,0.9453944707838126,0.9965461298194156,False
ENSGDEMO000692,GENE0692,-0.16843499172214305,10.249690029406931,0.7467787485458593,0.9965461298194156,False
ENSGDEMO000693,GENE0693,0.047634202625204125,10.888571065363907,0.9252078989686423,0.9965461298194156,False
ENSGDEMO000694,GENE0694,-0.0906811542958561,6.664270813255303,0.8966680824726332,0.9965461298194156,False
ENSGDEMO000695,GENE0695,0.24953891595021815,9.909860826189393,0.6381463644270756,0.9965461298194156,False
ENSGDEMO000696,GENE0696,-0.9274539036916023,8.267468970573528,0.11745581548711517,0.7141672310394724,False
ENSGDEMO000697,GENE0697,-0.09475364090957328,8.40372952294444,0.871512466507846,0.9965461298194156,False
ENSGDEMO000698,GENE0698,0.15834247354993547,9.537703055307311,0.7700525185232616,0.9965461298194156,False
ENSGDEMO000699,GENE0699,0.819192786767216,9.50367699981305,0.13123995923335752,0.7353301062346184,False
ENSGDEMO000700,GENE0700,0.5833292468704574,8.94361784915485,0.29986425428374575,0.9105121461151708,False
ENSGDEMO000701,GENE0701,-0.11599030998071669,10.906699056368446,0.8190620931160296,0.9965461298194156,False
ENSGDEMO000702,GENE0702,1.014896622738342,9.50197310989097,0.06154020506873288,0.5515205459100347,False
ENSGDEMO000703,GENE0703,-0.28651610391767157,6.470905097052502,0.6888077693338428,0.9965461298194156,False
ENSGDEMO000704,GENE0704,0.09565734717785723,9.81733112488886,0.8576299200844809,0.9965461298194156,False
ENSGDEMO000705,GENE0705,0.08112323555890821,8.22582768586954,0.8914583045517259,0.9965461298194156,False
ENSGDEMO000706,GENE0706,-0.5287554678103561,10.157095154542292,0.3129248455863091,0.9136491841936033,False
ENSGDEMO000707,GENE0707,-0.8779492331183159,8.756733417726373,0.12363112436223574,0.7177321875626178,False
ENSGDEMO000708,GENE0708,-1.4130573068888994,10.790626442473963,0.0055378101180259326,0.12082494802965671,False
ENSGDEMO000709,GENE0709,0.7621440442594283,9.823485517517302,0.15278299056157538,0.7753574469247496,False
ENSGDEMO000710,GENE0710,-0.4683694711467723,7.994740700763316,0.43999295848930914,0.996262123642044,False
ENSGDEMO000711,GENE0711,-0.2545324415392036,9.8705811071947,0.6321475461746048,0.9965461298194156,False
ENSGDEMO000712,GENE0712,-0.25263260469571414,9.261099222478792,0.6465505588256879,0.9965461298194156,False
ENSGDEMO000713,GENE0713,-0.33729047019210245,9.576562992673251,0.5325854065992361,0.9965461298194156,False
ENSGDEMO000714,GENE0714,0.6028334132610453,9.249049568634653,0.2742274064828299,0.8977014291493536,False
ENSGDEMO000715,GENE0715,0.5699071087862819,6.832831200148911,0.4048371965496262,0.9774741164176085,False
ENSGDEMO000716,GENE0716,-0.7954860933391266,4.846554137280691,0.3851982173739612,0.9589997113044677,False
ENSGDEMO000717,GENE0717,-0.20871554275810045,6.551627874789258,0.7681879330513451,0.9965461298194156,False
ENSGDEMO000718,GENE0718,0.4221386414591519,7.520314591735838,0.5058594890116025,0.9965461298194156,False
ENSGDEMO000719,GENE0719,0.4393034424947384,11.332118737517701,0.37888598063812917,0.9571437274513469,False
ENSGDEMO000720,GENE0720,-0.47187306828118913,8.71537155560014,0.40934911685069353,0.9785237853004626,False
ENSGDEMO000721,GENE0721,0.1646267819658842,10.518865443519516,0.7493488528917844,0.9965461298194156,False
ENSGDEMO000722,GENE0722,0.5490512672788874,8.345712435179726,0.35092440736932046,0.9441912305900999,False
ENSGDEMO000723,GENE0723,-0.21489161840437365,9.053400450901135,0.7003903541095831,0.9965461298194156,False
ENSGDEMO000724,GENE0724,0.6535849141126819,10.658089033891255,0.20193665716505327,0.8275967161472332,False
ENSGDEMO000725,GENE0725,-0.3584404926042888,6.815791958646597,0.6010716195689405,0.9965461298194156,False
ENSGDEMO000726,GENE0726,0.1434522264092397,9.193522748411683,0.7954361144657196,0.9965461298194156,False
ENSGDEMO000727,GENE0727,-0.564233714142218,9.49800247215023,0.2987304864577678,0.9105121461151708,False
ENSGDEMO000728,GENE0728,-0.23000049373138864,9.92571287102887,0.6644117741961182,0.9965461298194156,False
ENSGDEMO000729,GENE0729,0.03203857610090122,9.966109030612404,0.9517104936788299,0.9965461298194156,False
ENSGDEMO000730,GENE0730,-0.3462596636139361,9.34532014521329,0.5274954357220918,0.9965461298194156,False
ENSGDEMO000731,GENE0731,0.261706693748331,8.01864859902151,0.6654513788541476,0.9965461298194156,False
ENSGDEMO000732,GENE0732,0.0762193582115005,9.097575165293383,0.8911214121455817,0.9965461298194156,False
ENSGDEMO000733,GENE0733,0.13465556163090575,10.501108984966262,0.7939941865471378,0.9965461298194156,False
ENSGDEMO000734,GENE0734,0.8918463227748772,8.453294148724458,0.12642487432071564,0.7224278532612323,False
ENSGDEMO000735,GENE0735,0.15402054262499032,9.53183038309257,0.7762343387394472,0.9965461298194156,False
ENSGDEMO000736,GENE0736,-0.007883699764724916,10.243561481661825,0.9879455132247621,0.9997290791018886,False
ENSGDEMO000737,GENE0737,0.21253817581299828,10.104990770241352,0.6857879351547091,0.9965461298194156,False
ENSGDEMO000738,GENE0738,-0.6039112718771733,8.459487168113911,0.3004690082180064,0.9105121461151708,False
ENSGDEMO000739,GENE0739,-0.9535927326806806,6.036990288025246,0.20868972486966325,0.834758899478653,False
ENSGDEMO000740,GENE0740,0.40095242943586396,8.756864272464902,0.48194364067725126,0.9965461298194156,False
ENSGDEMO000741,GENE0741,-0.5910699187020718,9.945703836550116,0.26440094018838123,0.8837914435266225,False
ENSGDEMO000742,GENE0742,0.4664511813250316,7.784724263217115,0.4506427868172905,0.9965461298194156,False
ENSGDEMO000743,GENE0743,0.1846287914071585,8.063152853202077,0.759413442999012,0.9965461298194156,False
ENSGDEMO000744,GENE0744,0.15485715732951544,9.174440192838563,0.7798429964748363,0.9965461298194156,False
ENSGDEMO000745,GENE0745,-0.03809607265408044,10.277189612906996,0.941706322854035,0.9965461298194156,False
ENSGDEMO000746,GENE0746,0.06172620747774893,10.533699965474147,0.9045841550396028,0.9965461298194156,False
ENSGDEMO000747,GENE0747,-0.30707481057509156,8.179978034036342,0.6068785511564002,0.9965461298194156,False
ENSGDEMO000748,GENE0748,1.8088172444408652,8.999505500427945,0.0012504115336865876,0.04287125258354015,False
ENSGDEMO000749,GENE0749,0.36397001066700607,8.379507605903008,0.5352192739879258,0.9965461298194156,False
ENSGDEMO000750,GENE0750,-0.022980540655566095,8.520853328139573,0.9684189472304955,0.9965461298194156,False
ENSGDEMO000751,GENE0751,-1.1877021864356472,7.750505854873919,0.055552346930030756,0.5208032524690384,False
ENSGDEMO000752,GENE0752,-0.7159017492712536,10.212702111334778,0.17070081005790516,0.8204919994584984,False
ENSGDEMO000753,GENE0753,-0.9458507406709398,11.01180397036138,0.061081085759440726,0.5515205459100347,False
ENSGDEMO000754,GENE0754,0.17109834744517638,7.083001219039232,0.7968661842112794,0.9965461298194156,False
ENSGDEMO000755,GENE0755,-0.9037187927141428,10.624185496604392,0.07808890915211157,0.5820291365374776,False
ENSGDEMO000756,GENE0756,-1.140866173919096,9.820746616190744,0.03236040253309397,0.38071061803639966,False
ENSGDEMO000757,GENE0757,-1.3256044757190475,8.457051695899866,0.023064813241857794,0.31452018057078807,False
ENSGDEMO000758,GENE0758,-0.19069178418141597,10.817956780592379,0.7078407577663474,0.9965461298194156,False
ENSGDEMO000759,GENE0759,0.6671616701782002,6.738096990261848,0.33496920018902365,0.9323114937651208,False
ENSGDEMO000760,GENE0760,0.760625664509818,8.639730485234834,0.1860297004842794,0.8275967161472332,False
ENSGDEMO000761,GENE0761,-0.33331321842157724,7.11693491102888,0.6147208640709368,0.9965461298194156,False
ENSGDEMO000762,GENE0762,-0.22324488131599107,9.264669818774074,0.6852504478553152,0.9965461298194156,False
ENSGDEMO000763,GENE0763,0.45752928291525485,9.502894516456033,0.3992929716522509,0.9719098701474667,False
ENSGDEMO000764,GENE0764,0.24922246696691452,7.187680044279901,0.7044635291913514,0.9965461298194156,False
ENSGDEMO000765,GENE0765,-0.5616094204547659,10.255586738200757,0.2815219222031179,0.9042097871528115,False
ENSGDEMO000766,GENE0766,-0.5208490715649079,10.307861621963566,0.31672436820429783,0.9180416469689793,False
ENSGDEMO000767,GENE0767,-0.2772049978332918,9.956385400825013,0.60048354341362,0.9965461298194156,False
ENSGDEMO000768,GENE0768,0.0029753247345380984,6.690657457915565,0.9965890308302432,0.9997290791018886,False
ENSGDEMO000769,GENE0769,-0.11182735324384652,9.60008838084608,0.835863262803613,0.9965461298194156,False
ENSGDEMO000770,GENE0770,0.08259211511290854,9.17754755055681,0.8814649802990329,0.9965461298194156,False
ENSGDEMO000771,GENE0771,-0.44116784795668007,9.554863831298128,0.4149401585850519,0.9821068842249748,False
ENSGDEMO000772,GENE0772,0.01016910260570203,8.601575059086198,0.9859349613111441,0.9997290791018886,False
ENSGDEMO000773,GENE0773,0.10972693868844807,11.252222321635116,0.8265077937361818,0.9965461298194156,False
ENSGDEMO000774,GENE0774,-0.033470789215554575,9.405862546175763,0.9511177687368024,0.9965461298194156,False
ENSGDEMO000775,GENE0775,0.0792243188138233,9.646060296598318,0.8829983691456817,0.9965461298194156,False
ENSGDEMO000776,GENE0776,0.10202149892109968,9.694931237179961,0.8492764797656149,0.9965461298194156,False
ENSGDEMO000777,GENE0777,0.31963921638784765,10.400577898881547,0.5371909712603566,0.9965461298194156,False
ENSGDEMO000778,GENE0778,0.610703838673456,8.53185392600602,0.2923259075011245,0.9087852046667083,False
ENSGDEMO000779,GENE0779,0.4477763685017182,8.757732732925394,0.43224936740836967,0.9863491143780531,False
ENSGDEMO000780,GENE0780,0.47696448290485094,11.567649404603921,0.3356321377554435,0.9323114937651208,False
ENSGDEMO000781,GENE0781,-0.04438031614648352,7.20681587771249,0.9460361906469988,0.9965461298194156,False
ENSGDEMO000782,GENE0782,0.0565376654317431,8.631558150651935,0.9217455641052177,0.9965461298194156,False
ENSGDEMO000783,GENE0783,-0.30933345389074773,10.947408350145748,0.5411874249418658,0.9965461298194156,False
ENSGDEMO000784,GENE0784,0.6444035031628959,9.118292113303983,0.24649687846971596,0.8657173823120382,False
ENSGDEMO000785,GENE0785,-0.30700565002645863,10.177514610145137,0.5575468425478265,0.9965461298194156,False
ENSGDEMO000786,GENE0786,-0.2935625797976398,10.06034316556926,0.5771413517888867,0.9965461298194156,False
ENSGDEMO000787,GENE0787,-0.9459705859757577,10.581179599614753,0.0656411387009606,0.5515205459100347,False
ENSGDEMO000788,GENE0788,-0.27015658178520763,9.94475291973405,0.609995131769544,0.9965461298194156,False
ENSGDEMO000789,GENE0789,-1.0726248189094685,9.99468547368557,0.042310632401964005,0.45148546688021357,False
ENSGDEMO000790,GENE0790,0.8303347036773117,9.618719407154178,0.12354876101942826,0.7177321875626178,False
ENSGDEMO000791,GENE0791,-0.3618275287676811,10.086409864679082,0.4913769318543038,0.9965461298194156,False
ENSGDEMO000792,GENE0792,-0.6451166502872256,9.439188968573387,0.2364333687363952,0.8592195536316126,False
ENSGDEMO000793,GENE0793,0.8621172557661945,9.576201726623546,0.11069436183311328,0.6954619591609211,False
ENSGDEMO000794,GENE0794,0.9166518160629238,6.903493989358461,0.17668764400562723,0.8204919994584984,False
ENSGDEMO000795,GENE0795,0.3105272895607607,10.304066773524108,0.5506336406862753,0.9965461298194156,False
ENSGDEMO000796,GENE0796,-0.5509399955952325,9.237576958162952,0.3180238938418022,0.9195871629160545,False
ENSGDEMO000797,GENE0797,-0.38564647229699567,11.247235740142877,0.4411783714338281,0.9965461298194156,False
ENSGDEMO000798,GENE0798,0.22396207337276497,7.319687156797808,0.729546108926399,0.9965461298194156,False
ENSGDEMO000799,GENE0799,0.04978738656825321,8.088882999526135,0.9340339091100172,0.9965461298194156,False
ENSGDEMO000800,GENE0800,-0.5281303601992509,10.391592737759316,0.3081350441251648,0.9129927233338216,False
ENSGDEMO000801,GENE0801,0.1639683900933635,8.382185300392997,0.7799404279016506,0.9965461298194156,False
ENSGDEMO000802,GENE0802,-0.42648113615677996,10.265372135459197,0.41325835910837005,0.9800593496641187,False
ENSGDEMO000803,GENE0803,1.0688118398567656,9.161391689908415,0.053903671136441816,0.5208032524690384,False
ENSGDEMO000804,GENE0804,0.0920006644925051,9.684641952375836,0.8640065347937887,0.9965461298194156,False
ENSGDEMO000805,GENE0805,-0.4177037108858954,11.473567402786244,0.4005431665570687,0.9726626573735032,False
ENSGDEMO000806,GENE0806,0.4876246806971851,8.866450602156966,0.38871227587865037,0.9617623320708875,False
ENSGDEMO000807,GENE0807,0.3950712881180216,8.939694428077974,0.48270973588097865,0.9965461298194156,False
ENSGDEMO000808,GENE0808,0.4006642375700369,6.403405542984849,0.5787939940522293,0.9965461298194156,False
ENSGDEMO000809,GENE0809,-0.03865022015192121,8.570298267032781,0.9467070332865756,0.9965461298194156,False
ENSGDEMO000810,GENE0810,-0.2549314866394621,9.284308160268525,0.6430688437533243,0.9965461298194156,False
ENSGDEMO000811,GENE0811,0.2481296354388558,7.156441537994422,0.7066582516569778,0.9965461298194156,False
ENSGDEMO000812,GENE0812,-0.08691376669282924,7.623948593320554,0.8899262006607809,0.9965461298194156,False
ENSGDEMO000813,GENE0813,-0.9932674258779466,8.979384428847267,0.07678474635296813,0.5782809131536801,False
ENSGDEMO000814,GENE0814,0.653609807531983,8.608041702961868,0.25694780451270427,0.8769869599443653,False
ENSGDEMO000815,GENE0815,-0.1656530725625709,9.388100674964623,0.7618352898306969,0.9965461298194156,False
ENSGDEMO000816,GENE0816,-0.0006346379091706211,9.216310094317823,0.999083506517738,0.9997290791018886,False
ENSGDEMO000817,GENE0817,0.2728685085431257,7.762093164822872,0.6596920710803785,0.9965461298194156,False
ENSGDEMO000818,GENE0818,0.01705945109971463,8.380347467467333,0.9768132149626455,0.9965461298194156,False
ENSGDEMO000819,GENE0819,-0.9871627544331574,11.383463386899727,0.04761473345792563,0.4801485726849643,False
ENSGDEMO000820,GENE0820,-0.4349623259900106,8.605321363765722,0.450698088865112,0.9965461298194156,False
ENSGDEMO000821,GENE0821,-0.2529621410568943,7.108692626743054,0.7027166704072132,0.9965461298194156,False
ENSGDEMO000822,GENE0822,-0.00019381147616126526,8.742688987793937,0.9997290791018886,0.9997290791018886,False
ENSGDEMO000823,GENE0823,0.42062433191963233,8.931958058793418,0.455093214416032,0.9965461298194156,False
ENSGDEMO000824,GENE0824,0.6955753475089148,10.25448342795067,0.18229516990285982,0.8275967161472332,False
ENSGDEMO000825,GENE0825,1.5081513783057856,9.856150368281838,0.004593494228854594,0.11024386149251025,False
ENSGDEMO000826,GENE0826,-0.11208893129815767,7.792482460119865,0.8560515832876222,0.9965461298194156,False
ENSGDEMO000827,GENE0827,0.5123310646179764,9.37386248260195,0.34900558215318533,0.9432583301437442,False
ENSGDEMO000828,GENE0828,0.3984058558332375,8.55472679118422,0.4913354527010185,0.9965461298194156,False
ENSGDEMO000829,GENE0829,0.8702074709537477,11.235626494710743,0.08234297309322841,0.5881640935230601,False
ENSGDEMO000830,GENE0830,0.2572227307911543,10.959116907025948,0.6112330461640499,0.9965461298194156,False
ENSGDEMO000831,GENE0831,0.7081763398846332,9.968970460808437,0.18064088991248284,0.8275967161472332,False
ENSGDEMO000832,GENE0832,0.6196106341896419,9.784223782565238,0.2460879511780395,0.8657173823120382,False
ENSGDEMO000833,GENE0833,1.4280098856360324,9.718876460074775,0.0077308995299178625,0.1520832694410071,False
ENSGDEMO000834,GENE0834,0.2964471497990129,11.278082305722918,0.5533845150935064,0.9965461298194156,False
ENSGDEMO000835,GENE0835,-0.057401492537542786,6.872020701513819,0.9328251192323846,0.9965461298194156,False
ENSGDEMO000836,GENE0836,0.07819946872851347,6.938191319870451,0.907873219733657,0.9965461298194156,False
ENSGDEMO000837,GENE0837,-0.07436042977463675,9.655642784353452,0.8900750741602297,0.9965461298194156,False
ENSGDEMO000838,GENE0838,0.35483132621948466,5.60577078085111,0.6606533515579682,0.9965461298194156,False
ENSGDEMO000839,GENE0839,0.44656819204745357,9.579965277825778,0.4085681852901456,0.9785237853004626,False
ENSGDEMO000840,GENE0840,-0.16396866100037322,8.265889863076685,0.781977687117353,0.9965461298194156,False
ENSGDEMO000841,GENE0841,-0.1021160508241854,8.07955256278389,0.8653029080447199,0.9965461298194156,False
ENSGDEMO000842,GENE0842,-0.8364041491894767,9.935089930334025,0.11447107680024166,0.7117372650792227,False
ENSGDEMO000843,GENE0843,-0.005549281445348164,9.59379239063873,0.9917997439058368,0.9997290791018886,False
ENSGDEMO000844,GENE0844,0.9428396132603449,8.048454541153323,0.1183108406643438,0.7141672310394724,False
ENSGDEMO000845,GENE0845,-0.46776477563547925,10.424220965863423,0.36599940971272754,0.9561447381781878,False
ENSGDEMO000846,GENE0846,0.22168513386592892,8.181595470841142,0.7102602618000388,0.9965461298194156,False
ENSGDEMO000847,GENE0847,-1.367914910972429,9.48025787387553,0.011847445587841706,0.20604253196246444,False
ENSGDEMO000848,GENE0848,-1.2977995974700844,9.543820099826057,0.016545882891018233,0.2573877058547306,False
ENSGDEMO000849,GENE0849,0.5116854833631717,7.7571995885142595,0.40917698505755684,0.9785237853004626,False
ENSGDEMO000850,GENE0850,0.1476702799329832,10.561070231675089,0.7740219945362029,0.9965461298194156,False
ENSGDEMO000851,GENE0851,-0.6803045448509888,9.181870385760643,0.21923257937622675,0.8484312457126106,False
ENSGDEMO000852,GENE0852,0.23035444982540731,10.924241472632097,0.6493927680727958,0.9965461298194156,False
ENSGDEMO000853,GENE0853,0.20189138084799563,9.993605136594867,0.7023470594730192,0.9965461298194156,False
ENSGDEMO000854,GENE0854,0.7909100091967884,9.721086350622633,0.14009699653548943,0.7538851831506157,False
ENSGDEMO000855,GENE0855,0.06067050029691323,8.718410161301678,0.9155012166898224,0.9965461298194156,False
ENSGDEMO000856,GENE0856,0.12441020746374853,8.059835976029328,0.8365534549867216,0.9965461298194156,False
ENSGDEMO000857,GENE0857,-0.06464569562082456,9.215424044192236,0.9068616738831249,0.9965461298194156,False
ENSGDEMO000858,GENE0858,0.08313659799204132,8.45937586525121,0.8866538762556679,0.9965461298194156,False
ENSGDEMO000859,GENE0859,-0.09897775529341413,8.754089502982444,0.862219597552704,0.9965461298194156,False
ENSGDEMO000860,GENE0860,0.3718133300363622,7.93589866280639,0.5420142498696388,0.9965461298194156,False
ENSGDEMO000861,GENE0861,-0.42514345853738966,9.206582899672433,0.44189271933264285,0.9965461298194156,False
ENSGDEMO000862,GENE0862,-0.6371421311463568,10.36158703445114,0.21951614933138408,0.8484312457126106,False
ENSGDEMO000863,GENE0863,-0.608469816078026,11.261193142059172,0.2240546261509747,0.8484312457126106,False
ENSGDEMO000864,GENE0864,-0.2197941096716347,9.0913236511201,0.6931582184024584,0.9965461298194156,False
ENSGDEMO000865,GENE0865,0.05642396777587955,9.084950023643435,0.919352907296477,0.9965461298194156,False
ENSGDEMO000866,GENE0866,-0.0956010873086579,6.119096159478726,0.898551604000788,0.9965461298194156,False
ENSGDEMO000867,GENE0867,-0.1745203935841282,9.196117127035135,0.7524125302384754,0.9965461298194156,False
ENSGDEMO000868,GENE0868,0.015121364572856955,8.444848920140602,0.9793402532158274,0.9965461298194156,False
ENSGDEMO000869,GENE0869,0.5810964810046322,8.679748503024266,0.3109045488484833,0.9136491841936033,False
ENSGDEMO000870,GENE0870,0.03369061459113354,10.379132819375743,0.948192790881824,0.9965461298194156,False
ENSGDEMO000871,GENE0871,-0.6676557543519097,9.57031673374621,0.21687989370253138,0.8484312457126106,False
ENSGDEMO000872,GENE0872,0.8565864817990398,9.333411027359737,0.11831338556816348,0.7141672310394724,False
ENSGDEMO000873,GENE0873,-0.6144485297755908,10.555543690291469,0.23232274598928293,0.8552945476695826,False
ENSGDEMO000874,GENE0874,-0.21938491694781792,8.50923413947965,0.7057142711443093,0.9965461298194156,False
ENSGDEMO000875,GENE0875,1.0237651087155966,7.9389051477173656,0.09306981143659326,0.6309817724514797,False
ENSGDEMO000876,GENE0876,0.7957447820261816,10.655973421524102,0.12031168763159897,0.7177321875626178,False
ENSGDEMO000877,GENE0877,-0.0453804593242122,10.951822795903134,0.9285621100693349,0.9965461298194156,False
ENSGDEMO000878,GENE0878,-0.5159655583564842,9.815833741056737,0.3332726931200192,0.9323114937651208,False
ENSGDEMO000879,GENE0879,0.27152126242874,9.291319534805089,0.6214564810587364,0.9965461298194156,False
ENSGDEMO000880,GENE0880,0.5598022796495661,7.127185081187587,0.39736541833422234,0.9692621086360004,False
ENSGDEMO000881,GENE0881,-0.01734076886723912,8.391427815339474,0.976409874585051,0.9965461298194156,False
ENSGDEMO000882,GENE0882,-0.41834949323387605,9.954422558098717,0.4293644033264905,0.9863491143780531,False
ENSGDEMO000883,GENE0883,0.2649520083431032,7.376988924210076,0.6807236427622239,0.9965461298194156,False
ENSGDEMO000884,GENE0884,0.9087047192685809,11.047393089564029,0.07158313771665673,0.5688726176158151,False
ENSGDEMO000885,GENE0885,1.5919742775226373,7.43867817563161,0.012838486635541208,0.21397477725902012,False
ENSGDEMO000886,GENE0886,-0.031399784359632754,9.370621917593024,0.9542376680809062,0.9965461298194156,False
ENSGDEMO000887,GENE0887,-0.5469330459602277,9.778183296108663,0.3060647846927401,0.9129927233338216,False
ENSGDEMO000888,GENE0888,0.7083470761178656,10.125852846504557,0.17708952321645924,0.8204919994584984,False
ENSGDEMO000889,GENE0889,-0.08870676270615974,7.3314882305042,0.8909460998270116,0.9965461298194156,False
ENSGDEMO000890,GENE0890,-1.1691963036992616,9.788379206481169,0.028580973652442287,0.3496569338236012,False
ENSGDEMO000891,GENE0891,0.7517726129760582,5.8791771318450055,0.33257032612828963,0.9323114937651208,False
ENSGDEMO000892,GENE0892,-0.03955278220995595,9.6146147570656,0.9415335668740772,0.9965461298194156,False
ENSGDEMO000893,GENE0893,0.502385507338472,9.479452507775695,0.35536553711722074,0.94740113933012,False
ENSGDEMO000894,GENE0894,-1.0188780276475802,9.857841123512772,0.05550136724541682,0.5208032524690384,False
ENSGDEMO000895,GENE0895,-0.5615283304003569,10.612094149408822,0.2738725090900249,0.8977014291493536,False
ENSGDEMO000896,GENE0896,-0.09941145998286594,9.789056722528855,0.8523301214651875,0.9965461298194156,False
ENSGDEMO000897,GENE0897,-0.26964446483500737,10.712669056624065,0.5977408946929856,0.9965461298194156,False
ENSGDEMO000898,GENE0898,0.29501712647804723,8.053727071866184,0.6248763980573687,0.9965461298194156,False
ENSGDEMO000899,GENE0899,1.0190521341717096,9.771815638341327,0.05660366400606504,0.5265457116843261,False
ENSGDEMO000900,GENE0900,-0.2623382785842061,11.331158269089654,0.5992621820721201,0.9965461298194156,False
ENSGDEMO000901,GENE0901,0.1742624144912952,10.63487246138191,0.7339356286044185,0.9965461298194156,False
ENSGDEMO000902,GENE0902,-0.45742681489185966,8.863124877087419,0.4188691421794869,0.985483470490532,False
ENSGDEMO000903,GENE0903,0.572389693544058,8.490991260718035,0.3252020782578984,0.9291487950225669,False
ENSGDEMO000904,GENE0904,-0.3065727452189737,9.986478557870065,0.5618541307155291,0.9965461298194156,False
ENSGDEMO000905,GENE0905,0.1640777845516066,9.436120091155075,0.763362985831343,0.9965461298194156,False
ENSGDEMO000906,GENE0906,0.018391121352244966,9.553859952948224,0.9728908433912044,0.9965461298194156,False
ENSGDEMO000907,GENE0907,0.3432207060643915,5.0952741806374515,0.695726435317511,0.9965461298194156,False
ENSGDEMO000908,GENE0908,-0.7764413974372926,5.203371746590189,0.36764918382915823,0.9561447381781878,False
ENSGDEMO000909,GENE0909,-0.14910009833407933,11.095587239065978,0.7671070864709594,0.9965461298194156,False
ENSGDEMO000910,GENE0910,-0.46221248165093076,9.576218718292715,0.3924507699660845,0.9660980573634904,False
ENSGDEMO000911,GENE0911,-0.3723239445719475,10.608188374419914,0.46821560394179484,0.9965461298194156,False
ENSGDEMO000912,GENE0912,0.33136733141355457,9.717266826353233,0.5365562132080365,0.9965461298194156,False
ENSGDEMO000913,GENE0913,0.3890383345029087,5.394516639306659,0.6414623573865177,0.9965461298194156,False
ENSGDEMO000914,GENE0914,0.11158872217523275,9.395200832819388,0.8381608442401149,0.9965461298194156,False
ENSGDEMO000915,GENE0915,0.20629347747146465,9.516716632217085,0.7036815070459406,0.9965461298194156,False
ENSGDEMO000916,GENE0916,-0.592994370061322,7.667778609596586,0.3429717494755009,0.9396486287000024,False
ENSGDEMO000917,GENE0917,-0.30780412380360733,9.464645331592047,0.5715554996870492,0.9965461298194156,False
ENSGDEMO000918,GENE0918,-0.037646308375575366,7.362952461229066,0.9534461441533911,0.9965461298194156,False
ENSGDEMO000919,GENE0919,-0.1609991487866047,8.697672768387818,0.7786123554418345,0.9965461298194156,False
ENSGDEMO000920,GENE0920,-0.9590145684095233,6.8995758059456245,0.15771014787820167,0.7951772161926134,False
ENSGDEMO000921,GENE0921,0.6958561329300161,4.464332273673417,0.4786093999061146,0.9965461298194156,False
ENSGDEMO000922,GENE0922,0.1011595845436899,5.19287537919905,0.9067262284962612,0.9965461298194156,False
ENSGDEMO000923,GENE0923,0.7315089003650881,9.175504567012496,0.1866696125000043,0.8275967161472332,False
ENSGDEMO000924,GENE0924,-0.04542000805697732,11.281066947615878,0.9276363528828213,0.9965461298194156,False
ENSGDEMO000925,GENE0925,-0.03446045526210906,9.950950422026983,0.9481059273215234,0.9965461298194156,False
ENSGDEMO000926,GENE0926,-0.6484418055899237,8.750936484173742,0.25565221134623134,0.8769869599443653,False
ENSGDEMO000927,GENE0927,0.4211377820767481,7.452191390019408,0.5098045216958637,0.9965461298194156,False
ENSGDEMO000928,GENE0928,-0.77865069778613,10.945614312602855,0.12406273256807865,0.7177321875626178,False
ENSGDEMO000929,GENE0929,-0.44161689173399843,11.855342269662843,0.3684962286610519,0.9561447381781878,False
ENSGDEMO000930,GENE0930,-0.6093909151877019,10.102119870902603,0.2461129548014454,0.8657173823120382,False
ENSGDEMO000931,GENE0931,-0.2725801081715211,9.52638586885296,0.6150636473860072,0.9965461298194156,False
ENSGDEMO000932,GENE0932,0.13366092155718956,8.551601378496217,0.8174519433378519,0.9965461298194156,False
ENSGDEMO000933,GENE0933,1.1000219948181078,9.062541615231314,0.04872908773477063,0.4872908773477063,False
ENSGDEMO000934,GENE0934,0.9621817940191972,9.999458287332095,0.06848046778382931,0.5515205459100347,False
ENSGDEMO000935,GENE0935,-0.210919977376812,5.505033351394793,0.7972462469944099,0.9965461298194156,False
ENSGDEMO000936,GENE0936,1.2309658417634743,8.18974733419059,0.03898726164950125,0.42921755944405043,False
ENSGDEMO000937,GENE0937,-0.7109401546435872,3.8228361917104463,0.5235674106262137,0.9965461298194156,False
ENSGDEMO000938,GENE0938,0.6497369277375338,9.251355352587447,0.2385484941250992,0.8596342130634206,False
ENSGDEMO000939,GENE0939,-0.025368144551724647,10.293090616200631,0.9611339626738885,0.9965461298194156,False
ENSGDEMO000940,GENE0940,0.5265848229707899,8.898683991197128,0.3508492256352336,0.9441912305900999,False
ENSGDEMO000941,GENE0941,0.4092828939121267,7.544141676986175,0.5179012127724775,0.9965461298194156,False
ENSGDEMO000942,GENE0942,0.42590890381996793,9.064058535590783,0.44534644140600876,0.9965461298194156,False
ENSGDEMO000943,GENE0943,-0.09220151946322108,7.232587404910879,0.88786078051458,0.9965461298194156,False
ENSGDEMO000944,GENE0944,-0.642466653570537,8.92734430629811,0.2540634444388548,0.8769869599443653,False
ENSGDEMO000945,GENE0945,-0.38569561053025936,8.915274853179978,0.4938949589548206,0.9965461298194156,False
ENSGDEMO000946,GENE0946,-0.11875405904562442,9.626312960843965,0.8255965462969119,0.9965461298194156,False
ENSGDEMO000947,GENE0947,0.26115241810150547,9.191653766472637,0.6369853276678836,0.9965461298194156,False
ENSGDEMO000948,GENE0948,-0.2995254636646134,8.27362535797307,0.6129561989589166,0.9965461298194156,False
ENSGDEMO000949,GENE0949,0.9099626714706943,9.353663660726435,0.09665253846301373,0.6479499785229971,False
ENSGDEMO000950,GENE0950,-0.3833010908720764,8.45280503397976,0.5112864155073762,0.9965461298194156,False
ENSGDEMO000951,GENE0951,-0.12370395964748315,9.898519265520942,0.8157625328693953,0.9965461298194156,False
ENSGDEMO000952,GENE0952,-0.16863082055448686,9.674006412530243,0.7537112822139185,0.9965461298194156,False
ENSGDEMO000953,GENE0953,-0.8476120556495328,10.282469240076052,0.10365290418812495,0.6755860202971982,False
ENSGDEMO000954,GENE0954,0.6012494130769879,8.8017898884813,0.29010064004486036,0.9042097871528115,False
ENSGDEMO000955,GENE0955,-0.6360432725074006,8.884549224491177,0.26027194228871764,0.879792480975947,False
ENSGDEMO000956,GENE0956,0.40656291420754354,8.128824712600103,0.49761177576698284,0.9965461298194156,False
ENSGDEMO000957,GENE0957,-1.3905402728584022,8.883230847905297,0.013858030977487449,0.22780324894499918,False
ENSGDEMO000958,GENE0958,-0.7337413486096471,9.578644573371308,0.17454220119121688,0.8204919994584984,False
ENSGDEMO000959,GENE0959,0.11893551686109216,8.402043841583607,0.8391453124689707,0.9965461298194156,False
ENSGDEMO000960,GENE0960,1.4758644571328352,10.691741941354124,0.00390758524691464,0.09904926383231075,False
ENSGDEMO000961,GENE0961,0.11251555839557081,8.870403419687928,0.8423057306823859,0.9965461298194156,False
ENSGDEMO000962,GENE0962,-0.4182804718649207,8.099898087685263,0.4863963304758773,0.9965461298194156,False
ENSGDEMO000963,GENE0963,-0.062022647151179555,10.419003688753527,0.9046135346542213,0.9965461298194156,False
ENSGDEMO000964,GENE0964,-0.351325356100622,8.397104394065618,0.5489277958290086,0.9965461298194156,False
ENSGDEMO000965,GENE0965,-1.0194925724366888,9.354636872051953,0.06269021802328502,0.5515205459100347,False
ENSGDEMO000966,GENE0966,-0.5686862446440948,11.647046532296269,0.2497947127137296,0.8713769048153359,False
ENSGDEMO000967,GENE0967,0.6989805554503645,9.299058625000331,0.20345085938619484,0.8275967161472332,False
ENSGDEMO000968,GENE0968,-0.2635032710658223,11.291628164509646,0.5981394071005608,0.9965461298194156,False
ENSGDEMO000969,GENE0969,0.33214365455296235,10.47664201314759,0.5199621833416102,0.9965461298194156,False
ENSGDEMO000970,GENE0970,0.5610832027675414,9.543591076107564,0.30013758175768906,0.9105121461151708,False
ENSGDEMO000971,GENE0971,0.5219754181347742,11.342673560652766,0.29559599895279415,0.9105121461151708,False
ENSGDEMO000972,GENE0972,0.3814632611207074,10.611020844829609,0.45731148156119317,0.9965461298194156,False
ENSGDEMO000973,GENE0973,-0.39272383635108543,9.75633276507427,0.4629178325527622,0.9965461298194156,False
ENSGDEMO000974,GENE0974,-0.8229010025599859,7.3438941042760995,0.20282018935065965,0.8275967161472332,False
ENSGDEMO000975,GENE0975,-0.06039269169591943,8.637920393119504,0.9163886876113968,0.9965461298194156,False
ENSGDEMO000976,GENE0976,0.3110497001989829,7.442164668181779,0.6267278228505703,0.9965461298194156,False
ENSGDEMO000977,GENE0977,-0.7172660891384179,9.010787037914245,0.20031135754416046,0.8275967161472332,False
ENSGDEMO000978,GENE0978,0.6938583809823147,9.132080048575402,0.2116739488542958,0.8390523033344609,False
ENSGDEMO000979,GENE0979,-0.5648830854794253,9.175338153079357,0.30787211396625214,0.9129927233338216,False
ENSGDEMO000980,GENE0980,0.6785689653981111,8.921707410491901,0.2285308858007289,0.8521981270856717,False
ENSGDEMO000981,GENE0981,-0.13736633291168232,9.252099599330702,0.8032104950353629,0.9965461298194156,False
ENSGDEMO000982,GENE0982,-0.22304803678053542,8.906938589513345,0.692547523863917,0.9965461298194156,False
ENSGDEMO000983,GENE0983,1.2572213039688904,8.590795225991599,0.029429458596819766,0.3496569338236012,False
ENSGDEMO000984,GENE0984,0.3928991429603448,8.448266231697056,0.5009212443519989,0.9965461298194156,False
ENSGDEMO000985,GENE0985,0.2857266993517893,9.338465810263292,0.6022586273972534,0.9965461298194156,False
ENSGDEMO000986,GENE0986,-0.8141892861791198,6.610585852160333,0.24672945395893092,0.8657173823120382,False
ENSGDEMO000987,GENE0987,-0.36525420293139543,8.63902001262467,0.5254328918571253,0.9965461298194156,False
ENSGDEMO000988,GENE0988,0.7514223748561148,7.987474609692912,0.21568958219089562,0.8484312457126106,False
ENSGDEMO000989,GENE0989,-0.5446047008672368,9.923277738153976,0.3043687069097507,0.9128125641937985,False
ENSGDEMO000990,GENE0990,0.5350305372922066,5.675214173901911,0.503487546668446,0.9965461298194156,False
ENSGDEMO000991,GENE0991,0.20104455808909805,8.74998805702862,0.7245312166269191,0.9965461298194156,False
ENSGDEMO000992,GENE0992,-0.06458437848925502,9.261140731265524,0.9066786250570775,0.9965461298194156,False
ENSGDEMO000993,GENE0993,-0.4265300354660422,8.6752548452221,0.4571543415117496,0.9965461298194156,False
ENSGDEMO000994,GENE0994,-0.1574567778568845,10.870089441370888,0.7564967482758399,0.9965461298194156,False
ENSGDEMO000995,GENE0995,-0.6580391368629268,11.849561833696942,0.18031558836225597,0.8275967161472332,False
ENSGDEMO000996,GENE0996,-0.9200378025964993,7.910783427797008,0.13222023705851163,0.7353301062346184,False
ENSGDEMO000997,GENE0997,0.6397241580256559,8.053885227579606,0.28902131024944533,0.9042097871528115,False
ENSGDEMO000998,GENE0998,0.3317279771254409,8.546532795572094,0.5668832982397244,0.9965461298194156,False
ENSGDEMO000999,GENE0999,-0.07968866127644603,8.160287478997496,0.8939547815996699,0.9965461298194156,False
ENSGDEMO001000,GENE1000,-0.9184337556443367,8.415379821182151,0.11660916781086998,0.7141672310394724,False
ENSGDEMO001001,GENE1001,0.057027630599465695,10.250868262601951,0.9129422988453932,0.9965461298194156,False
ENSGDEMO001002,GENE1002,-0.037937530773502814,8.54458377351773,0.9477917971009353,0.9965461298194156,False
ENSGDEMO001003,GENE1003,-0.7156396459167116,11.29552566271091,0.1522393037939025,0.7753574469247496,False
ENSGDEMO001004,GENE1004,0.3922379114423462,8.843138733307029,0.48881489062555356,0.9965461298194156,False
ENSGDEMO001005,GENE1005,0.6907668843789585,10.300210803462008,0.18438832923366644,0.8275967161472332,False
ENSGDEMO001006,GENE1006,0.74343201185438,8.059131396327327,0.21767862512590477,0.8484312457126106,False
ENSGDEMO001007,GENE1007,0.08258905222560742,6.9874631860646454,0.902176292934399,0.9965461298194156,False
ENSGDEMO001008,GENE1008,0.05374680004261245,5.4027035970618265,0.9486391109278567,0.9965461298194156,False
ENSGDEMO001009,GENE1009,-0.15942231508036997,8.764702685215113,0.7796687930964714,0.9965461298194156,False
ENSGDEMO001010,GENE1010,-0.469923960378277,7.711099193972876,0.4504590853970496,0.9965461298194156,False
ENSGDEMO001011,GENE1011,1.418078387576787,6.70049286025419,0.041351550297100054,0.44704378699567626,False
ENSGDEMO001012,GENE1012,0.1312885023830841,9.586214042119115,0.8079670483353851,0.9965461298194156,False
ENSGDEMO001013,GENE1013,0.06538219789391597,9.199177986030758,0.9059036101168106,0.9965461298194156,False
ENSGDEMO001014,GENE1014,-0.4363545581075634,6.132405899165429,0.5599037068469729,0.9965461298194156,False
ENSGDEMO001015,GENE1015,0.4835868172557136,9.229702733523116,0.3810223226258102,0.9571437274513469,False
ENSGDEMO001016,GENE1016,0.5673770163914975,10.141543355797408,0.2792589702891054,0.9042097871528115,False
ENSGDEMO001017,GENE1017,-0.11320053454883894,7.74907098359329,0.8552295475521258,0.9965461298194156,False
ENSGDEMO001018,GENE1018,1.0231553349332572,6.266066158110732,0.16389211572672674,0.8088687952988255,False
ENSGDEMO001019,GENE1019,0.0378699640014748,10.511397082647434,0.9414307619321876,0.9965461298194156,False
ENSGDEMO001020,GENE1020,0.26133074847329585,9.072447219039018,0.6393927071524688,0.9965461298194156,False
ENSGDEMO001021,GENE1021,0.05624358675404739,5.976988955740322,0.9413916761101688,0.9965461298194156,False
ENSGDEMO001022,GENE1022,1.196591044133779,8.296799778323312,0.04289111935362029,0.45148546688021357,False
ENSGDEMO001023,GENE1023,-0.6513679787976256,8.585010588394097,0.2594202132927958,0.879390553534901,False
ENSGDEMO001024,GENE1024,0.053770597645987905,9.112772135270284,0.9229915224658969,0.9965461298194156,False
ENSGDEMO001025,GENE1025,0.2980157363222995,9.882326193633043,0.5749088522418102,0.9965461298194156,False
ENSGDEMO001026,GENE1026,0.20894707760823383,7.776515808091178,0.7356293194207019,0.9965461298194156,False
ENSGDEMO001027,GENE1027,0.17691340885127183,10.769217664116685,0.7285942815845536,0.9965461298194156,False
ENSGDEMO001028,GENE1028,0.26489955755295647,9.99061666387233,0.6161294743725243,0.9965461298194156,False
ENSGDEMO001029,GENE1029,0.3194761055925168,10.351648572376487,0.5383104451575388,0.9965461298194156,False
ENSGDEMO001030,GENE1030,-1.0973446918420517,5.655091787725562,0.17132637804543954,0.8204919994584984,False
ENSGDEMO001031,GENE1031,-0.10307072915435889,10.471826915039204,0.8417792792153012,0.9965461298194156,False
ENSGDEMO001032,GENE1032,-0.40998853360494625,8.632812115539197,0.476198791602544,0.9965461298194156,False
ENSGDEMO001033,GENE1033,0.9501359502430029,10.463711333397434,0.06584580393882311,0.5515205459100347,False
ENSGDEMO001034,GENE1034,-0.6136311812434325,9.757658662882497,0.2513657858477727,0.8717888526512347,False
ENSGDEMO001035,GENE1035,-1.2740116821211407,9.843354341483701,0.01673020088055749,0.2573877058547306,False
ENSGDEMO001036,GENE1036,0.4093544905530755,4.7070318381643625,0.6629327359260939,0.9965461298194156,False
ENSGDEMO001037,GENE1037,0.014913723873348772,9.789203609423215,0.9777212463861319,0.9965461298194156,False
ENSGDEMO001038,GENE1038,0.03214753097638656,11.176939374154417,0.9489348665417006,0.9965461298194156,False
ENSGDEMO001039,GENE1039,-0.2601095048177493,7.801620651409614,0.6735226854050846,0.9965461298194156,False
ENSGDEMO001040,GENE1040,0.06649514339077633,10.704943508621103,0.8965039746234443,0.9965461298194156,False
ENSGDEMO001041,GENE1041,0.09775413175247571,7.898812146609529,0.8730589457636526,0.9965461298194156,False
ENSGDEMO001042,GENE1042,-0.17717784815985205,9.777844817158023,0.7402221274193388,0.9965461298194156,False
ENSGDEMO001043,GENE1043,-0.1635049568108311,9.411613487831797,0.7645043205755407,0.9965461298194156,False
ENSGDEMO001044,GENE1044,-0.2428516213276133,10.476501205769566,0.6380471595790198,0.9965461298194156,False
ENSGDEMO001045,GENE1045,0.3990702135896296,8.391006474667485,0.4961962975535705,0.9965461298194156,False
ENSGDEMO001046,GENE1046,-0.1617874214564372,9.866461665037088,0.7609668533686677,0.9965461298194156,False
ENSGDEMO001047,GENE1047,0.31582366408404816,6.950238813108513,0.6397736167513628,0.9965461298194156,False
ENSGDEMO001048,GENE1048,-0.15447842377393606,10.056767400822881,0.7692554541404208,0.9965461298194156,False
ENSGDEMO001049,GENE1049,-0.909221734104583,8.196966508704104,0.12708607869990837,0.7227644286250714,False
ENSGDEMO001050,GENE1050,-0.04273773106358281,9.457549312659461,0.9374135908010467,0.9965461298194156,False
ENSGDEMO001051,GENE1051,0.3086617276949024,10.314827394758636,0.5528305411956183,0.9965461298194156,False
ENSGDEMO001052,GENE1052,0.08792847936334436,10.411833599451032,0.8651410752289357,0.9965461298194156,False
ENSGDEMO001053,GENE1053,0.8664848179814619,9.788282394754418,0.10471583314606571,0.6755860202971982,False
ENSGDEMO001054,GENE1054,0.729038158067147,8.444377681075233,0.2118607065919514,0.8390523033344609,False
ENSGDEMO001055,GENE1055,0.10918746880381747,8.927664749992463,0.8463021593290927,0.9965461298194156,False
ENSGDEMO001056,GENE1056,0.2834823751194522,10.014027504740113,0.5911593581936136,0.9965461298194156,False
ENSGDEMO001057,GENE1057,-0.05120907209933456,9.66558753239896,0.9241299171749251,0.9965461298194156,False
ENSGDEMO001058,GENE1058,0.4723619219078916,11.113275433429202,0.3477960639077481,0.94211123406162,False
ENSGDEMO001059,GENE1059,-1.2970910639182573,9.893498000554342,0.014588149865499982,0.2365645924135132,False
ENSGDEMO001060,GENE1060,0.2967362629169088,8.81506707287573,0.6012468747702262,0.9965461298194156,False
ENSGDEMO001061,GENE1061,-0.20815816222785788,8.58317995733354,0.7185858429462093,0.9965461298194156,False
ENSGDEMO001062,GENE1062,-0.1336423140320262,8.965872558305364,0.8119723246794064,0.9965461298194156,False
ENSGDEMO001063,GENE1063,-0.15668885738637783,9.766418809313297,0.7694962858922341,0.9965461298194156,False
ENSGDEMO001064,GENE1064,0.08803594888340793,6.938677754067792,0.8963408136768098,0.9965461298194156,False
ENSGDEMO001065,GENE1065,-0.27009019018942926,9.12113282328676,0.6270923592856208,0.9965461298194156,False
ENSGDEMO001066,GENE1066,1.245533542337025,9.085128188400972,0.02541410437483459,0.33494292243584267,False
ENSGDEMO001067,GENE1067,0.19664365238194037,11.734397533120024,0.6898858622425175,0.9965461298194156,False
ENSGDEMO001068,GENE1068,-0.5390784083449072,8.922381193100035,0.33873664649380086,0.9344459213622093,False
ENSGDEMO001069,GENE1069,-0.6764383161736278,8.039462002793222,0.262843990523816,0.8812668532634247,False
ENSGDEMO001070,GENE1070,0.0493850483042646,9.508791046148506,0.927483441072523,0.9965461298194156,False
ENSGDEMO001071,GENE1071,0.17744657667685537,6.7439040865455215,0.7974732951307195,0.9965461298194156,False
ENSGDEMO001072,GENE1072,-0.4154470627730422,7.752963473281805,0.5029588037264863,0.9965461298194156,False
ENSGDEMO001073,GENE1073,0.1283222540722342,10.763856224496958,0.8013232368076711,0.9965461298194156,False
ENSGDEMO001074,GENE1074,0.2028723443655931,8.810078498923069,0.7209659855256842,0.9965461298194156,False
ENSGDEMO001075,GENE1075,-0.5159541154336269,7.837685990726547,0.40172063327776686,0.9726626573735032,False
ENSGDEMO001076,GENE1076,-0.17857841466008928,6.545031470257013,0.8010592936526758,0.9965461298194156,False
ENSGDEMO001077,GENE1077,0.8526381955031965,8.966114909565194,0.1290861745953843,0.7272460540585031,False
ENSGDEMO001078,GENE1078,0.705807994758656,10.460609326392897,0.17185690782624324,0.8204919994584984,False
ENSGDEMO001079,GENE1079,0.03158756649029204,8.556902271643331,0.9564794939954729,0.9965461298194156,False
ENSGDEMO001080,GENE1080,0.34659686827221137,9.199798050525594,0.530887907041545,0.9965461298194156,False
ENSGDEMO001081,GENE1081,-0.24148949072624326,8.469757862930509,0.6785965556634834,0.9965461298194156,False
ENSGDEMO001082,GENE1082,-1.2363124971282353,9.141790059106896,0.025958076488777806,0.33494292243584267,False
ENSGDEMO001083,GENE1083,0.9276256968589811,9.92691482614225,0.08015096188828014,0.5855697386153361,False
ENSGDEMO001084,GENE1084,0.022978150120192886,8.371206999241492,0.9687953345709487,0.9965461298194156,False
ENSGDEMO001085,GENE1085,-0.8944828287899149,11.128914586872321,0.07525598747641711,0.5782809131536801,False
ENSGDEMO001086,GENE1086,-0.22239304206985988,10.265689919494498,0.6696333087097329,0.9965461298194156,False
ENSGDEMO001087,GENE1087,-0.6601546122065036,10.077440424054299,0.20951036748480267,0.8352572790091801,False
ENSGDEMO001088,GENE1088,0.04574386021969978,8.879772648331361,0.9354929384734179,0.9965461298194156,False
ENSGDEMO001089,GENE1089,-0.051287069096489724,7.140174550398127,0.9381066783167836,0.9965461298194156,False
ENSGDEMO001090,GENE1090,-0.2144308038162075,8.078443827331498,0.7217190600942369,0.9965461298194156,False
ENSGDEMO001091,GENE1091,0.23999157706549212,7.494432533934949,0.7059930769233295,0.9965461298194156,False
ENSGDEMO001092,GENE1092,0.037026432861346326,6.29528318464702,0.9596637523972047,0.9965461298194156,False
ENSGDEMO001093,GENE1093,-0.5026324185954953,9.83234232738803,0.3454860798649383,0.9418058578047048,False
ENSGDEMO001094,GENE1094,0.1284419863239279,9.263351175987003,0.8156282886603263,0.9965461298194156,False
ENSGDEMO001095,GENE1095,0.7054915966918411,9.601028872851884,0.1911557419545511,0.8275967161472332,False
ENSGDEMO001096,GENE1096,-0.2169564877295409,8.96405769525728,0.6993984147409638,0.9965461298194156,False
ENSGDEMO001097,GENE1097,-0.14101322127541582,6.904118910848746,0.8353460009679443,0.9965461298194156,False
ENSGDEMO001098,GENE1098,0.8496400310511456,9.461412680849428,0.11843273248071251,0.7141672310394724,False
ENSGDEMO001099,GENE1099,0.2722529248853345,8.1232667193532,0.6498502812338003,0.9965461298194156,False
ENSGDEMO001100,GENE1100,-0.02798204630809309,9.145323937678114,0.9597934532605653,0.9965461298194156,False
ENSGDEMO001101,GENE1101,0.6053242378877215,11.045031948878064,0.23009349431313134,0.8521981270856717,False
ENSGDEMO001102,GENE1102,0.262437105004409,8.286447157850345,0.6572644729993155,0.9965461298194156,False
ENSGDEMO001103,GENE1103,0.6686797955651134,8.02263760646594,0.26907162574344895,0.8944209165987222,False
ENSGDEMO001104,GENE1104,0.13246574662824973,9.978874004504883,0.802161772199395,0.9965461298194156,False
ENSGDEMO001105,GENE1105,1.518486587773073,9.639067614135815,0.004807440620366141,0.11311624989096801,False
ENSGDEMO001106,GENE1106,-0.20626477581065306,8.806025555582545,0.7165790194407946,0.9965461298194156,False
ENSGDEMO001107,GENE1107,-0.17501998291365517,9.155186075031493,0.7523654999635098,0.9965461298194156,False
ENSGDEMO001108,GENE1108,1.2832227876878521,10.513658914003573,0.012780260302246613,0.21397477725902012,False
ENSGDEMO001109,GENE1109,-0.8164681970958441,10.10763999084357,0.12009017471360928,0.7177321875626178,False
ENSGDEMO001110,GENE1110,0.3200995517943861,9.464516385961357,0.5562924946540855,0.9965461298194156,False
ENSGDEMO001111,GENE1111,-0.042250814276737714,11.582354353858216,0.9319990704874869,0.9965461298194156,False
ENSGDEMO001112,GENE1112,0.5774081439640284,11.10903961925878,0.25118078843293595,0.8717888526512347,False
ENSGDEMO001113,GENE1113,0.5111521312380551,9.277945916803926,0.35299536421245825,0.94740113933012,False
ENSGDEMO001114,GENE1114,-0.21438858563759933,10.271916216557171,0.6807672674184073,0.9965461298194156,False
ENSGDEMO001115,GENE1115,0.2941913269736176,8.977970025088668,0.600212568827643,0.9965461298194156,False
ENSGDEMO001116,GENE1116,-0.24421858326148715,9.288160088418067,0.6570090996394362,0.9965461298194156,False
ENSGDEMO001117,GENE1117,-0.4591430818770048,10.167998000544108,0.3806393493959582,0.9571437274513469,False
ENSGDEMO001118,GENE1118,0.8267254020458701,8.628005298206066,0.15098424881567696,0.7753574469247496,False
ENSGDEMO001119,GENE1119,0.30049822995511377,10.071158682054653,0.5679667383793491,0.9965461298194156,False
ENSGDEMO001120,GENE1120,0.8544204995648705,7.097508044192661,0.1979205001815303,0.8275967161472332,False
ENSGDEMO001121,GENE1121,0.025856891545814165,8.724731758886726,0.9639157372446884,0.9965461298194156,False
ENSGDEMO001122,GENE1122,-0.02324112964623737,11.295722835981048,0.9629156000985533,0.9965461298194156,False
ENSGDEMO001123,GENE1123,0.4542543543434121,10.330158943869925,0.3820598712076626,0.9571437274513469,False
ENSGDEMO001124,GENE1124,-0.15269858309087514,9.239997397600131,0.7819378012416496,0.9965461298194156,False
ENSGDEMO001125,GENE1125,-0.1516385568365175,10.044360635600379,0.7735184068719343,0.9965461298194156,False
ENSGDEMO001126,GENE1126,-0.7442763259975793,8.923562122237913,0.1865268399110356,0.8275967161472332,False
ENSGDEMO001127,GENE1127,-0.6254457181049915,10.364181504824533,0.22804126151712284,0.8521981270856717,False
ENSGDEMO001128,GENE1128,-0.13565664106945174,7.969721667081219,0.8234134617117921,0.9965461298194156,False
ENSGDEMO001129,GENE1129,-0.5953856570609322,10.781145566624842,0.2426661181430878,0.8657173823120382,False
ENSGDEMO001130,GENE1130,0.10835722004982884,4.954659173684117,0.9040564138611122,0.9965461298194156,False
ENSGDEMO001131,GENE1131,-0.3887368343666324,9.132852559436067,0.4840652925809048,0.9965461298194156,False
ENSGDEMO001132,GENE1132,0.18489071312634664,10.64194816082371,0.7182988534797057,0.9965461298194156,False
ENSGDEMO001133,GENE1133,0.0534657105743932,9.791108610751436,0.9202452522420456,0.9965461298194156,False
ENSGDEMO001134,GENE1134,-0.035408564370492446,6.096848931621735,0.9624540259014481,0.9965461298194156,False
ENSGDEMO001135,GENE1135,0.2486386950678643,6.727520067706456,0.7196990779782984,0.9965461298194156,False
ENSGDEMO001136,GENE1136,0.22379552409651993,10.53739384889083,0.6637934462871916,0.9965461298194156,False
ENSGDEMO001137,GENE1137,-0.6467794374067699,10.708072021565975,0.20572613280186025,0.8284273804101755,False
ENSGDEMO001138,GENE1138,-0.8841233778818864,10.6388032270035,0.08457251453843705,0.5934913300942951,False
ENSGDEMO001139,GENE1139,-0.19200829905867156,8.393487688752977,0.7433091706682161,0.9965461298194156,False
ENSGDEMO001140,GENE1140,0.15703706996262667,10.24564374417504,0.7634282828947944,0.9965461298194156,False
ENSGDEMO001141,GENE1141,-0.3582981904061038,8.030179326465063,0.5534512435405031,0.9965461298194156,False
ENSGDEMO001142,GENE1142,-0.040495973848236666,8.673852518599926,0.9437268719877395,0.9965461298194156,False
ENSGDEMO001143,GENE1143,-0.48962705299102716,12.036480382206161,0.3162663216420701,0.9180416469689793,False
ENSGDEMO001144,GENE1144,-0.3084188641839969,8.622626259973373,0.5922897059811779,0.9965461298194156,False
ENSGDEMO001145,GENE1145,0.28876649907063356,9.707100843527142,0.5903910589062088,0.9965461298194156,False
ENSGDEMO001146,GENE1146,0.09689329424626347,9.320556989786727,0.8598752917837413,0.9965461298194156,False
ENSGDEMO001147,GENE1147,0.4300941863132026,7.705026921728147,0.4900156016156284,0.9965461298194156,False
ENSGDEMO001148,GENE1148,0.023320588597046665,9.302683321337833,0.9661471412815716,0.9965461298194156,False
ENSGDEMO001149,GENE1149,0.16039388752892503,10.008327256162891,0.7612544159824896,0.9965461298194156,False
ENSGDEMO001150,GENE1150,-0.5757653003296213,9.824210025191846,0.28006699455223955,0.9042097871528115,False
ENSGDEMO001151,GENE1151,0.25970356280436935,8.618065956163534,0.6521491691731349,0.9965461298194156,False
ENSGDEMO001152,GENE1152,-0.5760875326650563,8.978808582044547,0.3047288097820774,0.9128125641937985,False
ENSGDEMO001153,GENE1153,0.4515846177775549,9.291422849499595,0.41150112807780215,0.9797645906614336,False
ENSGDEMO001154,GENE1154,0.5330876016218689,11.548788541353511,0.2821602846979705,0.9042097871528115,False
ENSGDEMO001155,GENE1155,-0.45394753554137957,10.365071957931507,0.3816132490091481,0.9571437274513469,False
ENSGDEMO001156,GENE1156,0.5874877860235879,7.7914070161873585,0.3417654464249319,0.9384863517389433,False
ENSGDEMO001157,GENE1157,0.9317622320926278,10.77514308820354,0.06755126531370156,0.5515205459100347,False
ENSGDEMO001158,GENE1158,-0.7128490186821459,8.309719032787442,0.2272362558584784,0.8521981270856717,False
ENSGDEMO001159,GENE1159,1.4997086620691045,9.156543660655178,0.006853531082121321,0.14490499927388142,False
ENSGDEMO001160,GENE1160,0.0408210856458453,10.848060962449036,0.9359826257362369,0.9965461298194156,False
ENSGDEMO001161,GENE1161,0.7017763828064805,7.225543353196207,0.28350951882397313,0.9042097871528115,False
ENSGDEMO001162,GENE1162,0.021292551070409615,6.898388296280578,0.9749794772727358,0.9965461298194156,False
ENSGDEMO001163,GENE1163,-0.6210525722440048,9.16625714444078,0.262531213730393,0.8812668532634247,False
ENSGDEMO001164,GENE1164,-0.01908097150422261,10.220837955909586,0.9708615228177236,0.9965461298194156,False
ENSGDEMO001165,GENE1165,-0.37330325746149384,10.313991824602285,0.4728838047038748,0.9965461298194156,False
ENSGDEMO001166,GENE1166,0.5370359495892716,8.417554444851206,0.3587765727986447,0.94740113933012,False
ENSGDEMO001167,GENE1167,0.1502549339262229,10.053528306737109,0.7754280504933763,0.9965461298194156,False
ENSGDEMO001168,GENE1168,0.2634232401704901,10.52395501000488,0.6091055551007708,0.9965461298194156,False
ENSGDEMO001169,GENE1169,0.014813342226346116,8.860043213055688,0.9791193021693543,0.9965461298194156,False
ENSGDEMO001170,GENE1170,1.062317251718457,10.075616569524549,0.043464923852022636,0.45354703149936665,False
ENSGDEMO001171,GENE1171,0.4289849725421613,8.267272162949393,0.4689952626104116,0.9965461298194156,False
ENSGDEMO001172,GENE1172,0.22887333082469663,8.889914700972595,0.6852998102939928,0.9965461298194156,False
ENSGDEMO001173,GENE1173,0.24278913517653677,9.610619516112694,0.6526388380728936,0.9965461298194156,False
ENSGDEMO001174,GENE1174,0.04900128067103404,5.858954080460093,0.9497895384617998,0.9965461298194156,False
ENSGDEMO001175,GENE1175,0.12477067938567199,6.5945376728190235,0.8593881272836543,0.9965461298194156,False
ENSGDEMO001176,GENE1176,-0.3371533806807303,9.047452159769348,0.5461903803218165,0.9965461298194156,False
ENSGDEMO001177,GENE1177,0.48399943450688454,10.027825963975285,0.3587489290103744,0.94740113933012,False
ENSGDEMO001178,GENE1178,0.1578190982029879,10.068810614531877,0.7642729279484004,0.9965461298194156,False
ENSGDEMO001179,GENE1179,0.09068018653574761,9.322667845669306,0.8687591538742826,0.9965461298194156,False
ENSGDEMO001180,GENE1180,0.40832847036471787,7.147843178581201,0.53608663738551,0.9965461298194156,False
ENSGDEMO001181,GENE1181,0.2957438016571965,8.855555581159612,0.6014124041650443,0.9965461298194156,False
ENSGDEMO001182,GENE1182,-0.5686363426474363,9.002098877071058,0.31025456110796923,0.9136491841936033,False
ENSGDEMO001183,GENE1183,-1.5121854525800327,10.597247831960905,0.003232076012714057,0.08989850468529942,False
ENSGDEMO001184,GENE1184,0.01828289530531002,7.907893624666884,0.9761409604749547,0.9965461298194156,False
ENSGDEMO001185,GENE1185,-0.27547375949069863,10.060846998608216,0.6008196121470195,0.9965461298194156,False
ENSGDEMO001186,GENE1186,-0.0013471890883280935,9.506865585938742,0.9980192961244313,0.9997290791018886,False
ENSGDEMO001187,GENE1187,-0.04205621752932842,9.16567921955553,0.9395225895783011,0.9965461298194156,False
ENSGDEMO001188,GENE1188,-0.42823996635464656,6.617151356204397,0.5420297110329603,0.9965461298194156,False
ENSGDEMO001189,GENE1189,-0.4167526822295624,10.38617532062319,0.42138738995427616,0.985483470490532,False
ENSGDEMO001190,GENE1190,-0.9487204317056985,10.0616002057485,0.07154156084016904,0.5688726176158151,False
ENSGDEMO001191,GENE1191,0.5681429272732537,9.703168897248311,0.2896896236205746,0.9042097871528115,False
ENSGDEMO001192,GENE1192,-0.6537262013893894,11.021017366173071,0.19535023827330644,0.8275967161472332,False
ENSGDEMO001193,GENE1193,-0.44924226775077436,9.916986555181369,0.3970067236801133,0.9692621086360004,False
ENSGDEMO001194,GENE1194,-0.11963585454580272,9.662365525279148,0.8239678016711564,0.9965461298194156,False
ENSGDEMO001195,GENE1195,-0.359145507842741,8.990033613212754,0.5219521934509511,0.9965461298194156,False
ENSGDEMO001196,GENE1196,0.034923429002272854,5.479049838452377,0.9662072823115598,0.9965461298194156,False
ENSGDEMO001197,GENE1197,-0.5653462130561939,10.048842633840358,0.28320711613117805,0.9042097871528115,False
ENSGDEMO001198,GENE1198,0.6295720728352645,8.773173428685977,0.268968760061463,0.8944209165987222,False
ENSGDEMO001199,GENE1199,0.8446306513710713,8.956693007191516,0.13297219421076015,0.7353301062346184,False
ENSGDEMO001200,GENE1200,0.10393547305415396,10.612739326269876,0.8394999697587671,0.9965461298194156,False
